{"v":"5.5.6","fr":25,"ip":0,"op":168,"w":360,"h":500,"nm":"onboard state 1(4)","ddd":0,"assets":[{"id":"image_0","w":2396,"h":2291,"u":"images/","p":"img_0.png","e":0},{"id":"comp_0","layers":[{"ddd":0,"ind":1,"ty":3,"nm":"Null 7","sr":1,"ks":{"o":{"a":0,"k":0,"ix":11},"r":{"a":0,"k":0,"ix":10},"p":{"a":0,"k":[187.5,200,0],"ix":2},"a":{"a":0,"k":[0,0,0],"ix":1},"s":{"a":0,"k":[77,77,100],"ix":6}},"ao":0,"ip":0,"op":175,"st":0,"bm":0},{"ddd":0,"ind":2,"ty":4,"nm":"Shape Layer 7","parent":1,"sr":1,"ks":{"o":{"a":0,"k":100,"ix":11},"r":{"a":0,"k":0,"ix":10},"p":{"a":0,"k":[0,0,0],"ix":2},"a":{"a":0,"k":[0,0,0],"ix":1},"s":{"a":0,"k":[100,100,100],"ix":6}},"ao":0,"ef":[{"ty":5,"nm":"Glow","np":16,"mn":"ADBE Glo2","ix":1,"en":1,"ef":[{"ty":7,"nm":"Glow Based On","mn":"ADBE Glo2-0001","ix":1,"v":{"a":0,"k":2,"ix":1}},{"ty":0,"nm":"Glow Threshold","mn":"ADBE Glo2-0002","ix":2,"v":{"a":0,"k":33,"ix":2}},{"ty":0,"nm":"Glow Radius","mn":"ADBE Glo2-0003","ix":3,"v":{"a":0,"k":14,"ix":3}},{"ty":0,"nm":"Glow Intensity","mn":"ADBE Glo2-0004","ix":4,"v":{"a":0,"k":0.95,"ix":4}},{"ty":7,"nm":"Composite Original","mn":"ADBE Glo2-0005","ix":5,"v":{"a":0,"k":1,"ix":5}},{"ty":7,"nm":"Glow Operation","mn":"ADBE Glo2-0006","ix":6,"v":{"a":0,"k":4,"ix":6}},{"ty":7,"nm":"Glow Colors","mn":"ADBE Glo2-0007","ix":7,"v":{"a":0,"k":1,"ix":7}},{"ty":7,"nm":"Color Looping","mn":"ADBE Glo2-0008","ix":8,"v":{"a":0,"k":3,"ix":8}},{"ty":0,"nm":"Color Loops","mn":"ADBE Glo2-0009","ix":9,"v":{"a":0,"k":1,"ix":9}},{"ty":0,"nm":"Color Phase","mn":"ADBE Glo2-0010","ix":10,"v":{"a":0,"k":0,"ix":10}},{"ty":0,"nm":"A & B Midpoint","mn":"ADBE Glo2-0011","ix":11,"v":{"a":0,"k":0.5,"ix":11}},{"ty":2,"nm":"Color A","mn":"ADBE Glo2-0012","ix":12,"v":{"a":0,"k":[1,1,1,0],"ix":12}},{"ty":2,"nm":"Color B","mn":"ADBE Glo2-0013","ix":13,"v":{"a":0,"k":[0,0,0,0],"ix":13}},{"ty":7,"nm":"Glow Dimensions","mn":"ADBE Glo2-0014","ix":14,"v":{"a":0,"k":1,"ix":14}}]}],"shapes":[{"ty":"gr","it":[{"ind":0,"ty":"sh","ix":1,"ks":{"a":0,"k":{"i":[[0,0],[0,0],[0,0],[0,0],[0,0],[0,0]],"o":[[0,0],[0,0],[0,0],[0,0],[0,0],[0,0]],"v":[[2.75,90.75],[-38.375,91.75],[-49.5,113.75],[-29.125,153],[-8,152.625],[12.75,110.5]],"c":true},"ix":2},"nm":"Path 1","mn":"ADBE Vector Shape - Group","hd":false},{"ty":"rd","nm":"Round Corners 1","r":{"a":0,"k":2,"ix":1},"ix":2,"mn":"ADBE Vector Filter - RC","hd":false},{"ty":"st","c":{"a":0,"k":[0.580392181873,1,0.913725495338,1],"ix":3},"o":{"a":0,"k":100,"ix":4},"w":{"a":0,"k":2,"ix":5},"lc":1,"lj":1,"ml":4,"bm":0,"nm":"Stroke 1","mn":"ADBE Vector Graphic - Stroke","hd":false},{"ty":"tr","p":{"a":0,"k":[0,0],"ix":2},"a":{"a":0,"k":[0,0],"ix":1},"s":{"a":0,"k":[100,100],"ix":3},"r":{"a":0,"k":0,"ix":6},"o":{"a":0,"k":100,"ix":7},"sk":{"a":0,"k":0,"ix":4},"sa":{"a":0,"k":0,"ix":5},"nm":"Transform"}],"nm":"Shape 1","np":4,"cix":2,"bm":0,"ix":1,"mn":"ADBE Vector Group","hd":false},{"ty":"tm","s":{"a":0,"k":0,"ix":1},"e":{"a":0,"k":22,"ix":2},"o":{"a":1,"k":[{"i":{"x":[0.833],"y":[0.833]},"o":{"x":[0.167],"y":[0.167]},"t":0,"s":[0]},{"t":168,"s":[2520]}],"ix":3},"m":1,"ix":2,"nm":"Trim Paths 1","mn":"ADBE Vector Filter - Trim","hd":false}],"ip":0,"op":175,"st":0,"bm":0},{"ddd":0,"ind":4,"ty":2,"nm":"elements-04(1).png","cl":"png","refId":"image_0","sr":1,"ks":{"o":{"a":0,"k":100,"ix":11},"r":{"a":0,"k":0,"ix":10},"p":{"a":0,"k":[203.5,221,0],"ix":2},"a":{"a":0,"k":[1198,1145.5,0],"ix":1},"s":{"a":0,"k":[17,17,100],"ix":6}},"ao":0,"ip":0,"op":175,"st":0,"bm":0}]}],"fonts":{"list":[{"fName":"TitilliumWeb-Regular","fFamily":"Titillium Web","fStyle":"Regular","ascent":75.847583077848}]},"layers":[{"ddd":0,"ind":1,"ty":3,"nm":"Null 5","sr":1,"ks":{"o":{"a":0,"k":0,"ix":11},"r":{"a":0,"k":0,"ix":10},"p":{"a":0,"k":[180,422,0],"ix":2},"a":{"a":0,"k":[0,0,0],"ix":1},"s":{"a":0,"k":[64,64,100],"ix":6}},"ao":0,"ip":0,"op":196,"st":0,"bm":0},{"ddd":0,"ind":2,"ty":5,"nm":"With BodyGuard you're just 1 click away from  keeping your device safe.","sr":1,"ks":{"o":{"a":0,"k":60,"ix":11,"x":"var $bm_rt;\nvar result;\nresult = getAnimationComposerPresetValue();\nfunction getAnimationComposerPresetValue() {\n    var bL = thisLayer;\n    var tTrI = null;\n    var tTrO = null;\n    if (bL.marker.numKeys > 0) {\n        var acmp = 'zzzzzzzzzzzzzzz_AC';\n        for (var i = 1; i <= bL.marker.numKeys; i++) {\n            var m = bL.marker.key(i);\n            var p = m.parameters;\n            if (p.hasOwnProperty(acmp + 'MarkerEnabled') && p.hasOwnProperty(acmp + 'MarkerType') && p.hasOwnProperty(acmp + 'MarkerAppPresetType')) {\n                if (p[acmp + 'MarkerEnabled'] != '1') {\n                    continue;\n                }\n                switch (p[acmp + 'MarkerAppPresetType']) {\n                case '1': {\n                        tTrI = m.time;\n                        break;\n                    }\n                }\n            }\n        }\n    }\n    ;\n    function acValMul(val) {\n        acAccM *= val;\n    }\n    function easeInCubic(t) {\n        return $bm_mul($bm_mul(t, t), t);\n    }\n    function upACo(tIn, dIn, tOut, dOut, eFi, eFo) {\n        if (dIn < 0) {\n            dIn = 0;\n        }\n        if (dOut < 0) {\n            dOut = 0;\n        }\n        ac.fade = 1;\n        if (t < tOut) {\n            if (t < $bm_sum(tIn, dIn)) {\n                if (dIn == 0) {\n                    ac.fade = 0;\n                } else {\n                    ac.fade = $bm_div($bm_sub(t, tIn), dIn);\n                    if (ac.fade < 0) {\n                        ac.fade = 0;\n                    }\n                    if (ac.fade > 1) {\n                        ac.fade = 1;\n                    }\n                    if (eFi) {\n                        ac.fade = eFi(ac.fade);\n                    }\n                }\n            }\n        } else {\n            if (dOut == 0) {\n                ac.fade = 0;\n            } else {\n                ac.fade = $bm_div($bm_sub(t, tOut), dOut);\n                if (ac.fade < 0) {\n                    ac.fade = 0;\n                }\n                if (ac.fade > 1) {\n                    ac.fade = 1;\n                }\n                if (eFo) {\n                    ac.fade = eFo(ac.fade);\n                }\n                ac.fade = $bm_sub(1, ac.fade);\n            }\n        }\n        ac.intensity = 1;\n        ac.en = true;\n        ac.t = $bm_sub(t, tIn);\n    }\n    var ac = {};\n    ac.en = false;\n    var v = thisProperty.value;\n    var t = time;\n    var acAccM = 1;\n    ac.en = false;\n    if (tTrI !== null && t < tTrI) {\n        upACo(bL.inPoint, $bm_sub(tTrI, bL.inPoint), bL.outPoint, 0);\n        ac.fade = $bm_sub(1, ac.fade);\n    }\n    if (ac.en) {\n        acValMul($bm_sub(1, easeInCubic(ac.fade)));\n    }\n    v = thisProperty.value;\n    v *= acAccM;\n    return v;\n}\n$bm_rt = result;"},"r":{"a":0,"k":0,"ix":10},"p":{"a":0,"k":[34.5,154,0],"ix":2},"a":{"a":0,"k":[0,0,0],"ix":1},"s":{"a":0,"k":[100,100,100],"ix":6}},"ao":0,"t":{"d":{"k":[{"s":{"s":15,"f":"TitilliumWeb-Regular","t":"With BodyGuard you're just 1 click away from\r keeping your device safe.","j":0,"tr":-11,"lh":21,"ls":0,"fc":[1,1,1]},"t":0}]},"p":{},"m":{"g":1,"a":{"a":0,"k":[0,0],"ix":2}},"a":[]},"ip":0,"op":196,"st":-42,"bm":0},{"ddd":0,"ind":3,"ty":5,"nm":"Securing your device just got easier! ","sr":1,"ks":{"o":{"a":0,"k":100,"ix":11,"x":"var $bm_rt;\nvar result;\nresult = getAnimationComposerPresetValue();\nfunction getAnimationComposerPresetValue() {\n    var bL = thisLayer;\n    var tTrI = null;\n    var tTrO = null;\n    if (bL.marker.numKeys > 0) {\n        var acmp = 'zzzzzzzzzzzzzzz_AC';\n        for (var i = 1; i <= bL.marker.numKeys; i++) {\n            var m = bL.marker.key(i);\n            var p = m.parameters;\n            if (p.hasOwnProperty(acmp + 'MarkerEnabled') && p.hasOwnProperty(acmp + 'MarkerType') && p.hasOwnProperty(acmp + 'MarkerAppPresetType')) {\n                if (p[acmp + 'MarkerEnabled'] != '1') {\n                    continue;\n                }\n                switch (p[acmp + 'MarkerAppPresetType']) {\n                case '1': {\n                        tTrI = m.time;\n                        break;\n                    }\n                }\n            }\n        }\n    }\n    ;\n    function acValMul(val) {\n        acAccM *= val;\n    }\n    function easeInCubic(t) {\n        return $bm_mul($bm_mul(t, t), t);\n    }\n    function upACo(tIn, dIn, tOut, dOut, eFi, eFo) {\n        if (dIn < 0) {\n            dIn = 0;\n        }\n        if (dOut < 0) {\n            dOut = 0;\n        }\n        ac.fade = 1;\n        if (t < tOut) {\n            if (t < $bm_sum(tIn, dIn)) {\n                if (dIn == 0) {\n                    ac.fade = 0;\n                } else {\n                    ac.fade = $bm_div($bm_sub(t, tIn), dIn);\n                    if (ac.fade < 0) {\n                        ac.fade = 0;\n                    }\n                    if (ac.fade > 1) {\n                        ac.fade = 1;\n                    }\n                    if (eFi) {\n                        ac.fade = eFi(ac.fade);\n                    }\n                }\n            }\n        } else {\n            if (dOut == 0) {\n                ac.fade = 0;\n            } else {\n                ac.fade = $bm_div($bm_sub(t, tOut), dOut);\n                if (ac.fade < 0) {\n                    ac.fade = 0;\n                }\n                if (ac.fade > 1) {\n                    ac.fade = 1;\n                }\n                if (eFo) {\n                    ac.fade = eFo(ac.fade);\n                }\n                ac.fade = $bm_sub(1, ac.fade);\n            }\n        }\n        ac.intensity = 1;\n        ac.en = true;\n        ac.t = $bm_sub(t, tIn);\n    }\n    var ac = {};\n    ac.en = false;\n    var v = thisProperty.value;\n    var t = time;\n    var acAccM = 1;\n    ac.en = false;\n    if (tTrI !== null && t < tTrI) {\n        upACo(bL.inPoint, $bm_sub(tTrI, bL.inPoint), bL.outPoint, 0);\n        ac.fade = $bm_sub(1, ac.fade);\n    }\n    if (ac.en) {\n        acValMul($bm_sub(1, easeInCubic(ac.fade)));\n    }\n    v = thisProperty.value;\n    v *= acAccM;\n    return v;\n}\n$bm_rt = result;"},"r":{"a":0,"k":0,"ix":10},"p":{"a":0,"k":[34.5,89,0],"ix":2},"a":{"a":0,"k":[0,0,0],"ix":1},"s":{"a":0,"k":[100,100,100],"ix":6}},"ao":0,"t":{"d":{"k":[{"s":{"s":24,"f":"TitilliumWeb-Regular","t":"Securing your device\rjust got easier!\r","j":0,"tr":-11,"lh":31.8000011444092,"ls":0,"fc":[1,1,1]},"t":0}]},"p":{},"m":{"g":1,"a":{"a":0,"k":[0,0],"ix":2}},"a":[]},"ip":0,"op":196,"st":-42,"bm":0},{"ddd":0,"ind":4,"ty":0,"nm":"Pre-comp 4","refId":"comp_0","sr":1,"ks":{"o":{"a":0,"k":100,"ix":11},"r":{"a":0,"k":0,"ix":10},"p":{"a":0,"k":[170,340,0],"ix":2,"x":"var $bm_rt;\nvar result;\nresult = getAnimationComposerPresetValue();\nfunction getAnimationComposerPresetValue() {\n    var bL = thisLayer;\n    var tTrI = null;\n    var tTrO = null;\n    if (bL.marker.numKeys > 0) {\n        var acmp = 'zzzzzzzzzzzzzzz_AC';\n        for (var i = 1; i <= bL.marker.numKeys; i++) {\n            var m = bL.marker.key(i);\n            var p = m.parameters;\n            if (p.hasOwnProperty(acmp + 'MarkerEnabled') && p.hasOwnProperty(acmp + 'MarkerType') && p.hasOwnProperty(acmp + 'MarkerAppPresetType')) {\n                if (p[acmp + 'MarkerEnabled'] != '1') {\n                    continue;\n                }\n                switch (p[acmp + 'MarkerAppPresetType']) {\n                case '1': {\n                        tTrI = m.time;\n                        break;\n                    }\n                }\n            }\n        }\n    }\n    ;\n    function acPD(fxN) {\n        try {\n            if (bL.effect(fxN).active === false) {\n                ac.en = false;\n            }\n        } catch (e) {\n        }\n    }\n    function acPointValP(fxN, stN, dV) {\n        try {\n            return bL.effect(fxN)(stN);\n        } catch (e) {\n            return dV;\n        }\n    }\n    function acSliderValP(fxN, stN, dV) {\n        try {\n            return bL.effect(fxN)(stN);\n        } catch (e) {\n            return dV;\n        }\n    }\n    function acValAdd(val) {\n        acAccA = $bm_sum(acAccA, val);\n    }\n    function mhOvershoot(t, a, f, d) {\n        if (d <= 0) {\n            d = 0;\n        }\n        var y = $bm_div($bm_mul(a, Math.cos($bm_mul($bm_mul($bm_mul(t, f), Math.PI), 2))), Math.exp($bm_mul(t, d)));\n        if (t < 0.8) {\n            return y;\n        }\n        return $bm_mul(y, $bm_sub(1, $bm_div($bm_sub(t, 0.8), 0.2)));\n    }\n    function upACo(tIn, dIn, tOut, dOut, eFi, eFo) {\n        if (dIn < 0) {\n            dIn = 0;\n        }\n        if (dOut < 0) {\n            dOut = 0;\n        }\n        ac.fade = 1;\n        if (t < tOut) {\n            if (t < $bm_sum(tIn, dIn)) {\n                if (dIn == 0) {\n                    ac.fade = 0;\n                } else {\n                    ac.fade = $bm_div($bm_sub(t, tIn), dIn);\n                    if (ac.fade < 0) {\n                        ac.fade = 0;\n                    }\n                    if (ac.fade > 1) {\n                        ac.fade = 1;\n                    }\n                    if (eFi) {\n                        ac.fade = eFi(ac.fade);\n                    }\n                }\n            }\n        } else {\n            if (dOut == 0) {\n                ac.fade = 0;\n            } else {\n                ac.fade = $bm_div($bm_sub(t, tOut), dOut);\n                if (ac.fade < 0) {\n                    ac.fade = 0;\n                }\n                if (ac.fade > 1) {\n                    ac.fade = 1;\n                }\n                if (eFo) {\n                    ac.fade = eFo(ac.fade);\n                }\n                ac.fade = $bm_sub(1, ac.fade);\n            }\n        }\n        ac.intensity = 1;\n        ac.en = true;\n        ac.t = $bm_sub(t, tIn);\n    }\n    var ac = {};\n    ac.en = false;\n    var v = thisProperty.value;\n    var t = time;\n    var acAccA = 0;\n    ac.en = false;\n    if (tTrI !== null && t < tTrI) {\n        upACo(bL.inPoint, $bm_sub(tTrI, bL.inPoint), bL.outPoint, 0);\n        ac.fade = $bm_sub(1, ac.fade);\n    }\n    acPD('AC IN [Q8Y] Controls');\n    if (ac.en) {\n        acValAdd($bm_mul(acPointValP('AC IN [Q8Y] Controls', 'Position', [\n            0,\n            500\n        ]), mhOvershoot($bm_sub(1, ac.fade), 1, acSliderValP('AC IN [Q8Y] Controls', 'Bounces', 3), 7)));\n    }\n    v = thisProperty.value;\n    v = $bm_sum(v, acAccA);\n    return v;\n}\n$bm_rt = result;"},"a":{"a":0,"k":[187.5,200,0],"ix":1},"s":{"a":0,"k":[95.354,95.354,100],"ix":6,"x":"var $bm_rt;\nvar result;\nresult = getAnimationComposerPresetValue();\nfunction getAnimationComposerPresetValue() {\n    var bL = thisLayer;\n    var tTrI = null;\n    var tTrO = null;\n    if (bL.marker.numKeys > 0) {\n        var acmp = 'zzzzzzzzzzzzzzz_AC';\n        for (var i = 1; i <= bL.marker.numKeys; i++) {\n            var m = bL.marker.key(i);\n            var p = m.parameters;\n            if (p.hasOwnProperty(acmp + 'MarkerEnabled') && p.hasOwnProperty(acmp + 'MarkerType') && p.hasOwnProperty(acmp + 'MarkerAppPresetType')) {\n                if (p[acmp + 'MarkerEnabled'] != '1') {\n                    continue;\n                }\n                switch (p[acmp + 'MarkerAppPresetType']) {\n                case '1': {\n                        tTrI = m.time;\n                        break;\n                    }\n                }\n            }\n        }\n    }\n    ;\n    function acPD(fxN) {\n        try {\n            if (bL.effect(fxN).active === false) {\n                ac.en = false;\n            }\n        } catch (e) {\n        }\n    }\n    function acSliderValP(fxN, stN, dV) {\n        try {\n            return bL.effect(fxN)(stN);\n        } catch (e) {\n            return dV;\n        }\n    }\n    function acValMul(val) {\n        acAccM *= val;\n    }\n    function mhOvershoot(t, a, f, d) {\n        if (d <= 0) {\n            d = 0;\n        }\n        var y = $bm_div($bm_mul(a, Math.cos($bm_mul($bm_mul($bm_mul(t, f), Math.PI), 2))), Math.exp($bm_mul(t, d)));\n        if (t < 0.8) {\n            return y;\n        }\n        return $bm_mul(y, $bm_sub(1, $bm_div($bm_sub(t, 0.8), 0.2)));\n    }\n    function upACo(tIn, dIn, tOut, dOut, eFi, eFo) {\n        if (dIn < 0) {\n            dIn = 0;\n        }\n        if (dOut < 0) {\n            dOut = 0;\n        }\n        ac.fade = 1;\n        if (t < tOut) {\n            if (t < $bm_sum(tIn, dIn)) {\n                if (dIn == 0) {\n                    ac.fade = 0;\n                } else {\n                    ac.fade = $bm_div($bm_sub(t, tIn), dIn);\n                    if (ac.fade < 0) {\n                        ac.fade = 0;\n                    }\n                    if (ac.fade > 1) {\n                        ac.fade = 1;\n                    }\n                    if (eFi) {\n                        ac.fade = eFi(ac.fade);\n                    }\n                }\n            }\n        } else {\n            if (dOut == 0) {\n                ac.fade = 0;\n            } else {\n                ac.fade = $bm_div($bm_sub(t, tOut), dOut);\n                if (ac.fade < 0) {\n                    ac.fade = 0;\n                }\n                if (ac.fade > 1) {\n                    ac.fade = 1;\n                }\n                if (eFo) {\n                    ac.fade = eFo(ac.fade);\n                }\n                ac.fade = $bm_sub(1, ac.fade);\n            }\n        }\n        ac.intensity = 1;\n        ac.en = true;\n        ac.t = $bm_sub(t, tIn);\n    }\n    var ac = {};\n    ac.en = false;\n    var v = thisProperty.value;\n    var t = time;\n    var acAccM = 1;\n    ac.en = false;\n    if (tTrI !== null && t < tTrI) {\n        upACo(bL.inPoint, $bm_sub(tTrI, bL.inPoint), bL.outPoint, 0);\n        ac.fade = $bm_sub(1, ac.fade);\n    }\n    acPD('AC IN [Q8Y] Controls');\n    if (ac.en) {\n        acValMul($bm_sub(1, $bm_mul(mhOvershoot($bm_sub(1, ac.fade), 1, acSliderValP('AC IN [Q8Y] Controls', 'Bounces', 3), 7), $bm_sum($bm_div(acSliderValP('AC IN [Q8Y] Controls', 'Scale', 0), -100), 1))));\n    }\n    v = thisProperty.value;\n    v *= acAccM;\n    return v;\n}\n$bm_rt = result;"}},"ao":0,"ef":[{"ty":5,"nm":"AC IN [Q8Y] Controls","np":5,"mn":"Pseudo/MHAC PrCtrl Q8Y 4","ix":1,"en":1,"ef":[{"ty":3,"nm":"Position","mn":"Pseudo/MHAC PrCtrl Q8Y 4-0001","ix":1,"v":{"a":0,"k":[0,246.305],"ix":1}},{"ty":0,"nm":"Bounces","mn":"Pseudo/MHAC PrCtrl Q8Y 4-0002","ix":2,"v":{"a":0,"k":0,"ix":2}},{"ty":0,"nm":"Scale","mn":"Pseudo/MHAC PrCtrl Q8Y 4-0003","ix":3,"v":{"a":0,"k":0,"ix":3}}]}],"w":375,"h":400,"ip":0,"op":175,"st":0,"bm":0},{"ddd":0,"ind":5,"ty":3,"nm":"Null 4","sr":1,"ks":{"o":{"a":0,"k":0,"ix":11},"r":{"a":0,"k":0,"ix":10},"p":{"a":0,"k":[183,462,0],"ix":2},"a":{"a":0,"k":[0,0,0],"ix":1},"s":{"a":0,"k":[75,75,100],"ix":6}},"ao":0,"ip":0,"op":183,"st":0,"bm":0}],"markers":[],"chars":[{"ch":"S","size":24,"style":"Regular","w":54.2,"data":{"shapes":[{"ty":"gr","it":[{"ind":0,"ty":"sh","ix":1,"ks":{"a":0,"k":{"i":[[-9.267,-1.133],[0,0],[0,0],[4.866,0],[0,-12.4],[-3.267,-2.633],[-7.8,-1.666],[-2.167,-1.633],[0,-3.733],[9.866,0],[9.066,1.2],[0,0],[0,0],[-4.867,0],[0,14.2],[2.933,2.5],[7.033,1.567],[2.3,1.567],[0,4.2],[-10,0]],"o":[[0,0],[0,0],[-6.8,-1],[-14.867,0],[0,6.2],[3.266,2.634],[5.933,1.134],[2.166,1.634],[0,9.267],[-4.734,0],[0,0],[0,0],[7.333,1.133],[14.733,0],[0,-5.733],[-2.934,-2.5],[-7.034,-1.566],[-2.3,-1.566],[0,-7.533],[3.866,0]],"v":[[47.3,-61.8],[48,-68.3],[44.6,-68.8],[27.1,-70.3],[4.8,-51.7],[9.7,-38.45],[26.3,-32],[38.45,-27.85],[41.7,-19.8],[26.9,-5.9],[6.2,-7.7],[5.4,-1.3],[9,-0.8],[27.3,0.9],[49.4,-20.4],[45,-32.75],[30.05,-38.85],[16.05,-43.55],[12.6,-52.2],[27.6,-63.5]],"c":true},"ix":2},"nm":"S","mn":"ADBE Vector Shape - Group","hd":false}],"nm":"S","np":3,"cix":2,"bm":0,"ix":1,"mn":"ADBE Vector Group","hd":false}]},"fFamily":"Titillium Web"},{"ch":"e","size":24,"style":"Regular","w":50.5,"data":{"shapes":[{"ty":"gr","it":[{"ind":0,"ty":"sh","ix":1,"ks":{"a":0,"k":{"i":[[4.966,0],[2,2.667],[0,5.534],[0,0],[0,0],[3.333,3.767],[6.733,0],[0,-17.533],[-3,-4.166],[-7.2,0],[-7.6,1.066],[0,0],[0,0]],"o":[[-4.967,0],[-2,-2.666],[0,0],[0,0],[0,-8.066],[-3.334,-3.766],[-13.934,0],[0,8.8],[3,4.167],[5.4,0],[0,0],[0,0],[-5.134,0.4]],"v":[[26.05,-5.6],[15.6,-9.6],[12.6,-21.9],[45.6,-21.9],[46,-27.6],[41,-45.35],[25.9,-51],[5,-24.7],[9.5,-5.25],[24.8,1],[44.3,-0.6],[44.1,-6.5],[41.2,-6.2]],"c":true},"ix":2},"nm":"e","mn":"ADBE Vector Shape - Group","hd":false},{"ind":1,"ty":"sh","ix":2,"ks":{"a":0,"k":{"i":[[0,0],[-2.234,2.667],[-4.434,0],[-1.967,-2.533],[0,-6.133]],"o":[[0.066,-5.866],[2.233,-2.666],[4.433,0],[1.966,2.534],[0,0]],"v":[[12.5,-27.9],[15.95,-40.7],[25.95,-44.7],[35.55,-40.9],[38.5,-27.9]],"c":true},"ix":2},"nm":"e","mn":"ADBE Vector Shape - Group","hd":false}],"nm":"e","np":5,"cix":2,"bm":0,"ix":1,"mn":"ADBE Vector Group","hd":false}]},"fFamily":"Titillium Web"},{"ch":"c","size":24,"style":"Regular","w":43,"data":{"shapes":[{"ty":"gr","it":[{"ind":0,"ty":"sh","ix":1,"ks":{"a":0,"k":{"i":[[3.2,-3.833],[0,-9.5],[-2.967,-4],[-7.8,0],[-6.2,0.933],[0,0],[0,0],[1.9,2.867],[0,7.3],[-2.034,2.7],[-5.667,0],[-5.334,-0.6],[0,0],[0,0],[2.2,0]],"o":[[-3.2,3.834],[0,9.5],[2.966,4],[3.066,0],[0,0],[0,0],[-6,0],[-1.9,-2.866],[0,-7.3],[2.033,-2.7],[2.533,0],[0,0],[0,0],[-5.267,-0.8],[-7.467,0]],"v":[[9.9,-45.25],[5.1,-25.25],[9.55,-5],[25.7,1],[39.6,-0.4],[39.3,-6.6],[27.5,-5.7],[15.65,-10],[12.8,-25.25],[15.85,-40.25],[27.4,-44.3],[39.2,-43.4],[39.5,-49.5],[37.1,-49.8],[25.9,-51]],"c":true},"ix":2},"nm":"c","mn":"ADBE Vector Shape - Group","hd":false}],"nm":"c","np":3,"cix":2,"bm":0,"ix":1,"mn":"ADBE Vector Group","hd":false}]},"fFamily":"Titillium Web"},{"ch":"u","size":24,"style":"Regular","w":53.1,"data":{"shapes":[{"ty":"gr","it":[{"ind":0,"ty":"sh","ix":1,"ks":{"a":0,"k":{"i":[[0,0],[0,0],[2.266,-0.633],[2.2,0],[1.266,2.467],[0,7.267],[0,0],[0,0],[0,0],[-2.234,-3.533],[-6.8,0],[-5,3],[0,0],[0,0],[0,0],[0,0]],"o":[[0,0],[-1.2,0.6],[-2.267,0.634],[-4.467,0],[-1.267,-2.466],[0,0],[0,0],[0,0],[0,9.534],[2.233,3.534],[4.866,0],[0,0],[0,0],[0,0],[0,0],[0,0]],"v":[[38.4,-9.4],[36.6,-8.5],[31.4,-6.65],[24.7,-5.7],[16.1,-9.4],[14.2,-24],[14.2,-50],[6.7,-50],[6.7,-23.9],[10.05,-4.3],[23.6,1],[38.4,-3.5],[38.4,0],[45.9,0],[45.9,-50],[38.4,-50]],"c":true},"ix":2},"nm":"u","mn":"ADBE Vector Shape - Group","hd":false}],"nm":"u","np":3,"cix":2,"bm":0,"ix":1,"mn":"ADBE Vector Group","hd":false}]},"fFamily":"Titillium Web"},{"ch":"r","size":24,"style":"Regular","w":34.6,"data":{"shapes":[{"ty":"gr","it":[{"ind":0,"ty":"sh","ix":1,"ks":{"a":0,"k":{"i":[[0,0],[0,0],[0,0],[-3.034,1.134],[-2.8,0.534],[0,0],[5.8,-4],[0,0],[0,0],[0,0]],"o":[[0,0],[0,0],[1.6,-0.866],[3.033,-1.133],[0,0],[-6.4,1.267],[0,0],[0,0],[0,0],[0,0]],"v":[[14.7,0],[14.7,-36.7],[17.2,-38],[24.15,-41],[32.9,-43.5],[32.9,-51.1],[14.6,-43.2],[14.6,-50],[7.2,-50],[7.2,0]],"c":true},"ix":2},"nm":"r","mn":"ADBE Vector Shape - Group","hd":false}],"nm":"r","np":3,"cix":2,"bm":0,"ix":1,"mn":"ADBE Vector Group","hd":false}]},"fFamily":"Titillium Web"},{"ch":"i","size":24,"style":"Regular","w":21.9,"data":{"shapes":[{"ty":"gr","it":[{"ind":0,"ty":"sh","ix":1,"ks":{"a":0,"k":{"i":[[0,0],[0,0],[0,0],[0,0]],"o":[[0,0],[0,0],[0,0],[0,0]],"v":[[14.7,0],[14.7,-50],[7.2,-50],[7.2,0]],"c":true},"ix":2},"nm":"i","mn":"ADBE Vector Shape - Group","hd":false},{"ind":1,"ty":"sh","ix":2,"ks":{"a":0,"k":{"i":[[0,0],[0,0],[0,0],[0,0]],"o":[[0,0],[0,0],[0,0],[0,0]],"v":[[14.7,-61.3],[14.7,-70],[7.2,-70],[7.2,-61.3]],"c":true},"ix":2},"nm":"i","mn":"ADBE Vector Shape - Group","hd":false}],"nm":"i","np":5,"cix":2,"bm":0,"ix":1,"mn":"ADBE Vector Group","hd":false}]},"fFamily":"Titillium Web"},{"ch":"n","size":24,"style":"Regular","w":53.7,"data":{"shapes":[{"ty":"gr","it":[{"ind":0,"ty":"sh","ix":1,"ks":{"a":0,"k":{"i":[[0,0],[0,0],[-2.367,0.634],[-2.134,0],[-1.367,-2.566],[0,-6.933],[0,0],[0,0],[0,0],[2.3,3.6],[6.666,0],[5.4,-3],[0,0],[0,0],[0,0],[0,0]],"o":[[0,0],[1.266,-0.6],[2.366,-0.633],[4.466,0],[1.366,2.567],[0,0],[0,0],[0,0],[0,-9.2],[-2.3,-3.6],[-4.934,0],[0,0],[0,0],[0,0],[0,0],[0,0]],"v":[[14.7,-40.6],[16.6,-41.5],[22.05,-43.35],[28.8,-44.3],[37.55,-40.45],[39.6,-26.2],[39.6,0],[47,0],[47,-26.4],[43.55,-45.6],[30.1,-51],[14.6,-46.5],[14.6,-50],[7.2,-50],[7.2,0],[14.7,0]],"c":true},"ix":2},"nm":"n","mn":"ADBE Vector Shape - Group","hd":false}],"nm":"n","np":3,"cix":2,"bm":0,"ix":1,"mn":"ADBE Vector Group","hd":false}]},"fFamily":"Titillium Web"},{"ch":"g","size":24,"style":"Regular","w":51.4,"data":{"shapes":[{"ty":"gr","it":[{"ind":0,"ty":"sh","ix":1,"ks":{"a":0,"k":{"i":[[0,10.6],[2.8,2],[6.4,0],[1.266,0.5],[0,2.067],[-1.2,2.934],[-1.8,0],[-3.1,2.5],[0,6.267],[2.2,2.2],[0,0],[0,0],[0,0],[0,0],[3.2,0],[0,-11.4],[-5.267,-2.4],[0,0],[0,-1.133],[-1.867,-1.266],[1.2,-1.7],[0,-2.734],[-3.167,-2.167],[-8,0]],"o":[[0,-5.8],[-2.8,-2],[-6.4,0],[-1.267,-0.5],[0,-0.866],[1.466,0.267],[6.666,0],[3.1,-2.5],[0,-4.466],[0,0],[0,0],[0,0],[0,0],[-2.734,-0.666],[-12.467,0],[0,7.667],[0,0],[-1.667,3.067],[0,3.334],[-2.867,2.134],[-1.2,1.7],[0,5.733],[3.166,2.166],[14.8,0]],"v":[[48.7,7.6],[44.5,-4.1],[30.7,-7.1],[19.2,-7.85],[17.3,-11.7],[19.1,-17.4],[24,-17],[38.65,-20.75],[43.3,-33.9],[40,-43.9],[49.5,-43.7],[49.5,-50.1],[34.7,-49.7],[33.2,-50],[24.3,-51],[5.6,-33.9],[13.5,-18.8],[12.6,-17.2],[10.1,-10.9],[12.9,-4],[6.8,1.75],[5,8.4],[9.75,20.25],[26.5,23.5]],"c":true},"ix":2},"nm":"g","mn":"ADBE Vector Shape - Group","hd":false},{"ind":1,"ty":"sh","ix":2,"ks":{"a":0,"k":{"i":[[-0.767,1.2],[-2.2,1.6],[0,0],[-1.667,-1],[0,-3.434],[2.3,-1.467],[5.3,0],[1.966,1.366],[0,3.533]],"o":[[0.766,-1.2],[0,0],[4.866,0],[1.666,1],[0,3.433],[-2.3,1.466],[-5.3,0],[-1.967,-1.367],[0,-1.867]],"v":[[13.55,3.2],[18,-1],[28.8,-0.5],[38.6,1],[41.1,7.65],[37.65,15],[26.25,17.2],[15.35,15.15],[12.4,7.8]],"c":true},"ix":2},"nm":"g","mn":"ADBE Vector Shape - Group","hd":false},{"ind":2,"ty":"sh","ix":3,"ks":{"a":0,"k":{"i":[[-1.767,1.7],[-4.067,0],[-1.734,-1.666],[0,-3.966],[1.733,-1.666],[4.066,0],[1.766,1.667],[0,3.934]],"o":[[1.766,-1.7],[4.066,0],[1.733,1.667],[0,3.967],[-1.734,1.667],[-4.067,0],[-1.767,-1.666],[0,-3.933]],"v":[[15.75,-42.35],[24.5,-44.9],[33.2,-42.4],[35.8,-33.95],[33.2,-25.5],[24.5,-23],[15.75,-25.5],[13.1,-33.9]],"c":true},"ix":2},"nm":"g","mn":"ADBE Vector Shape - Group","hd":false}],"nm":"g","np":6,"cix":2,"bm":0,"ix":1,"mn":"ADBE Vector Group","hd":false}]},"fFamily":"Titillium Web"},{"ch":" ","size":24,"style":"Regular","w":22,"data":{},"fFamily":"Titillium Web"},{"ch":"y","size":24,"style":"Regular","w":48.3,"data":{"shapes":[{"ty":"gr","it":[{"ind":0,"ty":"sh","ix":1,"ks":{"a":0,"k":{"i":[[0,0],[0,0],[0,0],[0,0],[0,0],[0,0],[0,0],[0,0],[0,0],[0,0]],"o":[[0,0],[0,0],[0,0],[0,0],[0,0],[0,0],[0,0],[0,0],[0,0],[0,0]],"v":[[16.7,0],[24.1,0],[17.6,22.2],[25.1,22.2],[45.9,-50],[38.4,-50],[25.8,-6.5],[22.5,-6.5],[10,-50],[2.5,-50]],"c":true},"ix":2},"nm":"y","mn":"ADBE Vector Shape - Group","hd":false}],"nm":"y","np":3,"cix":2,"bm":0,"ix":1,"mn":"ADBE Vector Group","hd":false}]},"fFamily":"Titillium Web"},{"ch":"o","size":24,"style":"Regular","w":52.8,"data":{"shapes":[{"ty":"gr","it":[{"ind":0,"ty":"sh","ix":1,"ks":{"a":0,"k":{"i":[[-3.067,-4.133],[-8.134,0],[-3.067,4.134],[0,9.134],[3.233,4.067],[7.766,0],[3.266,-4.066],[0,-9.133]],"o":[[3.066,4.134],[8.133,0],[3.066,-4.133],[0,-9.133],[-3.234,-4.066],[-7.767,0],[-3.267,4.067],[0,9.134]],"v":[[9.6,-5.2],[26.4,1],[43.2,-5.2],[47.8,-25.1],[42.95,-44.9],[26.45,-51],[9.9,-44.9],[5,-25.1]],"c":true},"ix":2},"nm":"o","mn":"ADBE Vector Shape - Group","hd":false},{"ind":1,"ty":"sh","ix":2,"ks":{"a":0,"k":{"i":[[-1.967,2.767],[-5.234,0],[-1.934,-2.766],[0,-7.333],[1.733,-2.9],[5.633,0],[1.766,2.934],[0,7.3]],"o":[[1.966,-2.766],[5.233,0],[1.933,2.767],[0,7.334],[-1.734,2.9],[-5.634,0],[-1.767,-2.933],[0,-7.3]],"v":[[15.65,-40.35],[26.45,-44.5],[37.2,-40.35],[40.1,-25.2],[37.5,-9.85],[26.45,-5.5],[15.35,-9.9],[12.7,-25.25]],"c":true},"ix":2},"nm":"o","mn":"ADBE Vector Shape - Group","hd":false}],"nm":"o","np":5,"cix":2,"bm":0,"ix":1,"mn":"ADBE Vector Group","hd":false}]},"fFamily":"Titillium Web"},{"ch":"d","size":24,"style":"Regular","w":52.9,"data":{"shapes":[{"ty":"gr","it":[{"ind":0,"ty":"sh","ix":1,"ks":{"a":0,"k":{"i":[[0,0],[0,0],[3.866,0],[3.233,-4.3],[0,-9.7],[-3.6,-3.6],[-2,-0.666],[-2.667,0],[-5.134,2.934],[0,0],[0,0],[0,0]],"o":[[0,0],[-4.334,-0.866],[-7.467,0],[-3.234,4.3],[0,9.7],[1.733,1.734],[2,0.666],[5,0],[0,0],[0,0],[0,0],[0,0]],"v":[[38.2,-71.8],[38.2,-49.7],[25.9,-51],[9.85,-44.55],[5,-23.55],[10.4,-3.6],[16,0],[23,1],[38.2,-3.4],[38.2,0],[45.6,0],[45.6,-71.8]],"c":true},"ix":2},"nm":"d","mn":"ADBE Vector Shape - Group","hd":false},{"ind":1,"ty":"sh","ix":2,"ks":{"a":0,"k":{"i":[[1.066,1.267],[0,7.734],[-2,3.234],[-5.067,0],[-4.267,-0.8],[0,0],[0,0],[2.366,-0.633],[1.9,0],[1.2,0.467]],"o":[[-2.334,-2.666],[0,-6.8],[2,-3.233],[3.666,0],[0,0],[0,0],[-1.334,0.6],[-2.367,0.634],[-1.9,0],[-1.2,-0.466]],"v":[[16.2,-9],[12.7,-24.6],[15.7,-39.65],[26.3,-44.5],[38.2,-43.3],[38.2,-9.4],[36.2,-8.5],[30.65,-6.65],[24.25,-5.7],[19.6,-6.4]],"c":true},"ix":2},"nm":"d","mn":"ADBE Vector Shape - Group","hd":false}],"nm":"d","np":5,"cix":2,"bm":0,"ix":1,"mn":"ADBE Vector Group","hd":false}]},"fFamily":"Titillium Web"},{"ch":"v","size":24,"style":"Regular","w":48.1,"data":{"shapes":[{"ty":"gr","it":[{"ind":0,"ty":"sh","ix":1,"ks":{"a":0,"k":{"i":[[0,0],[0,0],[0,0],[0,0],[0,0],[0,0],[0,0],[0,0]],"o":[[0,0],[0,0],[0,0],[0,0],[0,0],[0,0],[0,0],[0,0]],"v":[[16.6,0],[31.6,0],[45.7,-50],[38,-50],[25.9,-6.5],[22.2,-6.5],[10.5,-50],[2.5,-50]],"c":true},"ix":2},"nm":"v","mn":"ADBE Vector Shape - Group","hd":false}],"nm":"v","np":3,"cix":2,"bm":0,"ix":1,"mn":"ADBE Vector Group","hd":false}]},"fFamily":"Titillium Web"},{"ch":"\r","size":24,"style":"Regular","w":0,"fFamily":"Titillium Web"},{"ch":"j","size":24,"style":"Regular","w":21.9,"data":{"shapes":[{"ty":"gr","it":[{"ind":0,"ty":"sh","ix":1,"ks":{"a":0,"k":{"i":[[1.466,-2.1],[5.2,-3],[0,0],[-2.2,3.066],[0,6.133],[0,0],[0,0],[0,0]],"o":[[-1.467,2.1],[0,0],[6.666,-3.4],[2.2,-3.067],[0,0],[0,0],[0,0],[0,4.666]],"v":[[5.1,8.85],[-4.9,16.5],[-1.9,22.3],[11.4,12.6],[14.7,-1.2],[14.7,-50],[7.3,-50],[7.3,-1.3]],"c":true},"ix":2},"nm":"j","mn":"ADBE Vector Shape - Group","hd":false},{"ind":1,"ty":"sh","ix":2,"ks":{"a":0,"k":{"i":[[0,0],[0,0],[0,0],[0,0]],"o":[[0,0],[0,0],[0,0],[0,0]],"v":[[14.7,-61.3],[14.7,-70],[7.3,-70],[7.3,-61.3]],"c":true},"ix":2},"nm":"j","mn":"ADBE Vector Shape - Group","hd":false}],"nm":"j","np":5,"cix":2,"bm":0,"ix":1,"mn":"ADBE Vector Group","hd":false}]},"fFamily":"Titillium Web"},{"ch":"s","size":24,"style":"Regular","w":46.5,"data":{"shapes":[{"ty":"gr","it":[{"ind":0,"ty":"sh","ix":1,"ks":{"a":0,"k":{"i":[[-7.4,-1.066],[0,0],[0,0],[4.066,0],[3.433,-2.333],[0,-4.866],[-2.467,-1.8],[-5.867,-0.933],[-1.734,-1.033],[0,-2.9],[2.033,-1.233],[3.866,0],[7.6,1.134],[0,0],[0,0],[-4.134,0],[-3.3,2.4],[0,5.134],[2.466,1.867],[5.933,1.034],[1.666,0.967],[0,2.334],[-7.267,0]],"o":[[0,0],[0,0],[-6.134,-0.933],[-5.134,0],[-3.434,2.334],[0,4.867],[2.466,1.8],[5.866,0.934],[1.733,1.034],[0,2.9],[-2.034,1.234],[-3.867,0],[0,0],[0,0],[5.6,0.933],[6.333,0],[3.3,-2.4],[0,-5.133],[-2.467,-1.866],[-5.934,-1.033],[-1.667,-0.966],[0,-5.066],[4.266,0]],"v":[[40.4,-42.7],[40.6,-49.1],[37.8,-49.6],[22.5,-51],[9.65,-47.5],[4.5,-36.7],[8.2,-26.7],[20.7,-22.6],[32.1,-19.65],[34.7,-13.75],[31.65,-7.55],[22.8,-5.7],[5.6,-7.4],[5.2,-0.9],[8.2,-0.4],[22.8,1],[37.25,-2.6],[42.2,-13.9],[38.5,-24.4],[25.9,-28.75],[14.5,-31.75],[12,-36.7],[22.9,-44.3]],"c":true},"ix":2},"nm":"s","mn":"ADBE Vector Shape - Group","hd":false}],"nm":"s","np":3,"cix":2,"bm":0,"ix":1,"mn":"ADBE Vector Group","hd":false}]},"fFamily":"Titillium Web"},{"ch":"t","size":24,"style":"Regular","w":35.1,"data":{"shapes":[{"ty":"gr","it":[{"ind":0,"ty":"sh","ix":1,"ks":{"a":0,"k":{"i":[[0,0],[0,0],[0,0],[0,0],[0,0],[0,0],[0,0],[0,0],[0,0],[-2,-2.533],[-5.2,0],[-4.467,0.733],[0,0],[0,0],[0.833,1.8],[0,5.734],[0,0],[0,0]],"o":[[0,0],[0,0],[0,0],[0,0],[0,0],[0,0],[0,0],[0,0],[0,7.134],[2,2.534],[2.333,0],[0,0],[0,0],[-3.134,0],[-0.834,-1.8],[0,0],[0,0],[0,0]],"v":[[33.1,-50],[17.2,-50],[17.2,-65.3],[9.8,-65.3],[9.8,-50],[2.7,-50],[2.7,-43.5],[9.8,-43.5],[9.8,-17.2],[12.8,-2.7],[23.6,1.1],[33.8,0],[33.3,-6.2],[24.4,-5.6],[18.45,-8.3],[17.2,-19.6],[17.2,-43.5],[33.1,-43.5]],"c":true},"ix":2},"nm":"t","mn":"ADBE Vector Shape - Group","hd":false}],"nm":"t","np":3,"cix":2,"bm":0,"ix":1,"mn":"ADBE Vector Group","hd":false}]},"fFamily":"Titillium Web"},{"ch":"a","size":24,"style":"Regular","w":50.1,"data":{"shapes":[{"ty":"gr","it":[{"ind":0,"ty":"sh","ix":1,"ks":{"a":0,"k":{"i":[[2.566,2.6],[5.666,0],[7.333,-1.466],[0,0],[0,0],[-5.334,0],[-1.467,-1.466],[0,-3.4],[0,0],[0,0],[2.466,-2.3],[0,-4.866],[-2.4,-2.6],[-4.6,0],[-6,2.667],[-5.267,0],[0,0],[0.2,2.467],[0,0]],"o":[[-2.567,-2.6],[-5.667,0],[0,0],[0,0],[5.733,-0.666],[2.533,0],[1.466,1.467],[0,0],[0,0],[-5.267,0.534],[-2.467,2.3],[0,4.867],[2.4,2.6],[6,0],[2.666,2.667],[0,0],[-3.667,-0.466],[0,0],[0,-5.533]],"v":[[38.65,-47.1],[26.3,-51],[6.8,-48.8],[7.1,-43.1],[10.2,-43.4],[26.8,-44.4],[32.8,-42.2],[35,-34.9],[35,-30.6],[19.3,-29.1],[7.7,-24.85],[4,-14.1],[7.6,-2.9],[18.1,1],[36.1,-3],[48,1],[48.3,-4.9],[42.5,-9.3],[42.5,-34.9]],"c":true},"ix":2},"nm":"a","mn":"ADBE Vector Shape - Group","hd":false},{"ind":1,"ty":"sh","ix":2,"ks":{"a":0,"k":{"i":[[-1.334,1.467],[-3,0.267],[0,0],[0,0],[0,0],[4.533,0],[0,6.134]],"o":[[1.333,-1.466],[0,0],[0,0],[0,0],[-4.4,1.534],[-5.067,0],[0,-2.8]],"v":[[13.7,-20.9],[20.2,-23.5],[35,-24.9],[35,-8.4],[32.7,-7.6],[19.3,-5.3],[11.7,-14.5]],"c":true},"ix":2},"nm":"a","mn":"ADBE Vector Shape - Group","hd":false}],"nm":"a","np":5,"cix":2,"bm":0,"ix":1,"mn":"ADBE Vector Group","hd":false}]},"fFamily":"Titillium Web"},{"ch":"!","size":24,"style":"Regular","w":24.7,"data":{"shapes":[{"ty":"gr","it":[{"ind":0,"ty":"sh","ix":1,"ks":{"a":0,"k":{"i":[[0,0],[0,0],[0,0],[0,0]],"o":[[0,0],[0,0],[0,0],[0,0]],"v":[[16.5,0],[16.5,-11.2],[8.3,-11.2],[8.3,0]],"c":true},"ix":2},"nm":"!","mn":"ADBE Vector Shape - Group","hd":false},{"ind":1,"ty":"sh","ix":2,"ks":{"a":0,"k":{"i":[[0,0],[0,0],[0,0],[0,0]],"o":[[0,0],[0,0],[0,0],[0,0]],"v":[[15.8,-22.8],[16.3,-69.2],[8.4,-69.2],[8.9,-22.8]],"c":true},"ix":2},"nm":"!","mn":"ADBE Vector Shape - Group","hd":false}],"nm":"!","np":5,"cix":2,"bm":0,"ix":1,"mn":"ADBE Vector Group","hd":false}]},"fFamily":"Titillium Web"},{"ch":"W","size":15,"style":"Regular","w":88.6,"data":{"shapes":[{"ty":"gr","it":[{"ind":0,"ty":"sh","ix":1,"ks":{"a":0,"k":{"i":[[0,0],[0,0],[0,0],[0,0],[0,0],[0,0],[0,0],[0,0],[0,0],[0,0],[0,0],[0,0],[0,0],[0,0],[0,0]],"o":[[0,0],[0,0],[0,0],[0,0],[0,0],[0,0],[0,0],[0,0],[0,0],[0,0],[0,0],[0,0],[0,0],[0,0],[0,0]],"v":[[17.1,0],[31.2,0],[44.3,-59.1],[57.4,0],[71.5,0],[85.5,-69.2],[77.6,-69.2],[65.8,-6.8],[62.9,-6.8],[48.8,-68.6],[39.8,-68.6],[25.7,-6.8],[22.8,-6.8],[11,-69.2],[3,-69.2]],"c":true},"ix":2},"nm":"W","mn":"ADBE Vector Shape - Group","hd":false}],"nm":"W","np":3,"cix":2,"bm":0,"ix":1,"mn":"ADBE Vector Group","hd":false}]},"fFamily":"Titillium Web"},{"ch":"h","size":15,"style":"Regular","w":53.7,"data":{"shapes":[{"ty":"gr","it":[{"ind":0,"ty":"sh","ix":1,"ks":{"a":0,"k":{"i":[[0,0],[0,0],[-4.2,0],[-1.367,-2.566],[0,-6.933],[0,0],[0,0],[0,0],[2.3,3.6],[6.666,0],[5.333,-2.533],[0,0],[0,0],[0,0],[0,0]],"o":[[0,0],[3.933,-1.533],[4.4,0],[1.366,2.567],[0,0],[0,0],[0,0],[0,-9.2],[-2.3,-3.6],[-4.934,0],[0,0],[0,0],[0,0],[0,0],[0,0]],"v":[[14.7,-41.3],[16.6,-42],[28.8,-44.3],[37.45,-40.45],[39.5,-26.2],[39.5,0],[47,0],[47,-26.4],[43.55,-45.6],[30.1,-51],[14.7,-47.2],[14.7,-71.8],[7.2,-71.8],[7.2,0],[14.7,0]],"c":true},"ix":2},"nm":"h","mn":"ADBE Vector Shape - Group","hd":false}],"nm":"h","np":3,"cix":2,"bm":0,"ix":1,"mn":"ADBE Vector Group","hd":false}]},"fFamily":"Titillium Web"},{"ch":"B","size":15,"style":"Regular","w":61.6,"data":{"shapes":[{"ty":"gr","it":[{"ind":0,"ty":"sh","ix":1,"ks":{"a":0,"k":{"i":[[0,0],[0,0],[-3.667,3],[0,6.934],[7.333,2.534],[-1.5,2.434],[0,4.334],[3.433,2.834],[6.866,0],[0,0]],"o":[[0,0],[6.933,0],[3.666,-3],[0,-8.333],[2.933,-1.4],[1.5,-2.433],[0,-6.066],[-3.434,-2.833],[0,0],[0,0]],"v":[[8.5,0],[34.9,0],[50.8,-4.5],[56.3,-19.4],[45.3,-35.7],[51.95,-41.45],[54.2,-51.6],[49.05,-64.95],[33.6,-69.2],[8.5,-69.2]],"c":true},"ix":2},"nm":"B","mn":"ADBE Vector Shape - Group","hd":false},{"ind":1,"ty":"sh","ix":2,"ks":{"a":0,"k":{"i":[[-2.934,-1.333],[-0.967,-1.733],[0,-2.533],[2.366,-1.9],[4.533,0],[0,0],[0,0],[0,0]],"o":[[1.6,0.734],[0.966,1.734],[0,4.8],[-2.367,1.9],[0,0],[0,0],[0,0],[3.133,0]],"v":[[43.2,-29.8],[47.05,-26.1],[48.5,-19.7],[44.95,-9.65],[34.6,-6.8],[16.2,-6.8],[16.2,-31.8],[34.1,-31.8]],"c":true},"ix":2},"nm":"B","mn":"ADBE Vector Shape - Group","hd":false},{"ind":2,"ty":"sh","ix":3,"ks":{"a":0,"k":{"i":[[-2.1,-1.833],[0,-4.1],[1.966,-2.033],[4.266,0],[0,0],[0,0],[0,0]],"o":[[2.1,1.834],[0,4.1],[-1.967,2.034],[0,0],[0,0],[0,0],[4.466,0]],"v":[[43.15,-59.65],[46.3,-50.75],[43.35,-41.55],[34,-38.5],[16.2,-38.5],[16.2,-62.4],[33.3,-62.4]],"c":true},"ix":2},"nm":"B","mn":"ADBE Vector Shape - Group","hd":false}],"nm":"B","np":6,"cix":2,"bm":0,"ix":1,"mn":"ADBE Vector Group","hd":false}]},"fFamily":"Titillium Web"},{"ch":"G","size":15,"style":"Regular","w":61.6,"data":{"shapes":[{"ty":"gr","it":[{"ind":0,"ty":"sh","ix":1,"ks":{"a":0,"k":{"i":[[0,0],[0,0],[4.666,0],[2.666,4.434],[0,10.3],[-2.667,4.434],[-7.667,0],[-8.267,-1.4],[0,0],[0,0],[6.2,0],[3.9,-5.833],[0,-12.1],[-3.9,-5.8],[-10.067,0],[-8.4,1.6],[0,0],[0,0],[0,0]],"o":[[0,0],[-4.867,0.934],[-7.6,0],[-2.667,-4.433],[0,-10.3],[2.666,-4.433],[6.066,0],[0,0],[0,0],[-6.667,-1.333],[-9.934,0],[-3.9,5.834],[0,12.1],[3.9,5.8],[6.6,0],[0,0],[0,0],[0,0],[0,0]],"v":[[47.4,-28.5],[47.4,-7.2],[33.1,-5.8],[17.7,-12.45],[13.7,-34.55],[17.7,-56.65],[33.2,-63.3],[54.7,-61.2],[55,-67.6],[51.6,-68.2],[32.3,-70.2],[11.55,-61.45],[5.7,-34.55],[11.55,-7.7],[32.5,1],[55,-1.4],[55,-35.4],[35.9,-35.4],[35.9,-28.5]],"c":true},"ix":2},"nm":"G","mn":"ADBE Vector Shape - Group","hd":false}],"nm":"G","np":3,"cix":2,"bm":0,"ix":1,"mn":"ADBE Vector Group","hd":false}]},"fFamily":"Titillium Web"},{"ch":"'","size":15,"style":"Regular","w":20.8,"data":{"shapes":[{"ty":"gr","it":[{"ind":0,"ty":"sh","ix":1,"ks":{"a":0,"k":{"i":[[0,0],[0,0],[0,0],[0,0]],"o":[[0,0],[0,0],[0,0],[0,0]],"v":[[13.7,-47],[14.2,-69.2],[6.7,-69.2],[7,-47]],"c":true},"ix":2},"nm":"'","mn":"ADBE Vector Shape - Group","hd":false}],"nm":"'","np":3,"cix":2,"bm":0,"ix":1,"mn":"ADBE Vector Group","hd":false}]},"fFamily":"Titillium Web"},{"ch":"1","size":15,"style":"Regular","w":56,"data":{"shapes":[{"ty":"gr","it":[{"ind":0,"ty":"sh","ix":1,"ks":{"a":0,"k":{"i":[[0,0],[0,0],[0,0],[0,0],[0,0],[0,0],[0,0]],"o":[[0,0],[0,0],[0,0],[0,0],[0,0],[0,0],[0,0]],"v":[[31.7,-66],[10.7,-52],[14.2,-46.2],[31.2,-57.4],[31.2,0],[38.9,0],[38.9,-66]],"c":true},"ix":2},"nm":"1","mn":"ADBE Vector Shape - Group","hd":false}],"nm":"1","np":3,"cix":2,"bm":0,"ix":1,"mn":"ADBE Vector Group","hd":false}]},"fFamily":"Titillium Web"},{"ch":"l","size":15,"style":"Regular","w":23.1,"data":{"shapes":[{"ty":"gr","it":[{"ind":0,"ty":"sh","ix":1,"ks":{"a":0,"k":{"i":[[0,0],[0,0],[0,0],[0,0]],"o":[[0,0],[0,0],[0,0],[0,0]],"v":[[15.3,0],[15.3,-71.8],[7.8,-71.8],[7.8,0]],"c":true},"ix":2},"nm":"l","mn":"ADBE Vector Shape - Group","hd":false}],"nm":"l","np":3,"cix":2,"bm":0,"ix":1,"mn":"ADBE Vector Group","hd":false}]},"fFamily":"Titillium Web"},{"ch":"k","size":15,"style":"Regular","w":47.9,"data":{"shapes":[{"ty":"gr","it":[{"ind":0,"ty":"sh","ix":1,"ks":{"a":0,"k":{"i":[[0,0],[0,0],[0,0],[0,0],[0,0],[0,0],[0,0],[0,0],[0,0],[0,0],[0,0],[0,0],[0,0]],"o":[[0,0],[0,0],[0,0],[0,0],[0,0],[0,0],[0,0],[0,0],[0,0],[0,0],[0,0],[0,0],[0,0]],"v":[[14.7,-22.9],[22.6,-23.2],[37.5,0],[46,0],[29,-27],[45.3,-50],[36.8,-50],[22.5,-29.8],[14.7,-29.4],[14.7,-71.8],[7.2,-71.8],[7.2,0],[14.7,0]],"c":true},"ix":2},"nm":"k","mn":"ADBE Vector Shape - Group","hd":false}],"nm":"k","np":3,"cix":2,"bm":0,"ix":1,"mn":"ADBE Vector Group","hd":false}]},"fFamily":"Titillium Web"},{"ch":"w","size":15,"style":"Regular","w":76.2,"data":{"shapes":[{"ty":"gr","it":[{"ind":0,"ty":"sh","ix":1,"ks":{"a":0,"k":{"i":[[0,0],[0,0],[0,0],[0,0],[0,0],[0,0],[0,0],[0,0],[0,0],[0,0],[0,0],[0,0],[0,0],[0,0],[0,0]],"o":[[0,0],[0,0],[0,0],[0,0],[0,0],[0,0],[0,0],[0,0],[0,0],[0,0],[0,0],[0,0],[0,0],[0,0],[0,0]],"v":[[15,0],[27.5,0],[38.1,-39.1],[48.7,0],[61.2,0],[73.1,-50],[65.6,-50],[55.6,-6.5],[53.9,-6.5],[42,-49],[34.2,-49],[22.3,-6.5],[20.7,-6.5],[10.6,-50],[3.1,-50]],"c":true},"ix":2},"nm":"w","mn":"ADBE Vector Shape - Group","hd":false}],"nm":"w","np":3,"cix":2,"bm":0,"ix":1,"mn":"ADBE Vector Group","hd":false}]},"fFamily":"Titillium Web"},{"ch":"f","size":15,"style":"Regular","w":33.1,"data":{"shapes":[{"ty":"gr","it":[{"ind":0,"ty":"sh","ix":1,"ks":{"a":0,"k":{"i":[[0,0],[0,0],[0,0],[0,0],[-1.034,1.6],[-2.434,0],[-3.734,-0.133],[0,0],[0,0],[2,-2.566],[0,-7.066],[0,0],[0,0],[0,0],[0,0],[0,0],[0,0],[0,0]],"o":[[0,0],[0,0],[0,0],[0,-4.6],[1.033,-1.6],[2.433,0],[0,0],[0,0],[-5,0],[-2,2.567],[0,0],[0,0],[0,0],[0,0],[0,0],[0,0],[0,0],[0,0]],"v":[[31.3,-43.5],[31.3,-50],[16.8,-50],[16.8,-54.4],[18.35,-63.7],[23.55,-66.1],[32.8,-65.9],[32.9,-72.1],[22.8,-72.8],[12.3,-68.95],[9.3,-54.5],[9.3,-50],[3,-50],[3,-43.5],[9.3,-43.5],[9.3,0],[16.8,0],[16.8,-43.5]],"c":true},"ix":2},"nm":"f","mn":"ADBE Vector Shape - Group","hd":false}],"nm":"f","np":3,"cix":2,"bm":0,"ix":1,"mn":"ADBE Vector Group","hd":false}]},"fFamily":"Titillium Web"},{"ch":"m","size":15,"style":"Regular","w":83.6,"data":{"shapes":[{"ty":"gr","it":[{"ind":0,"ty":"sh","ix":1,"ks":{"a":0,"k":{"i":[[0,0],[0,0],[-2.234,0.634],[-2.134,0],[-1.3,-2.566],[0,-7.2],[0,0],[0,0],[0,0],[0.866,2.2],[0,0],[-2.334,0.634],[-2.2,0],[-1.334,-2.566],[0,-6.933],[0,0],[0,0],[0,0],[2.3,3.567],[6.666,0],[3.5,-1.033],[2.2,-1.333],[6.2,0],[5,-3],[0,0],[0,0],[0,0],[0,0]],"o":[[0,0],[1.2,-0.6],[2.233,-0.633],[4.4,0],[1.3,2.567],[0,0],[0,0],[0,0],[0,-7.533],[0,0],[1.266,-0.6],[2.333,-0.633],[4.333,0],[1.333,2.567],[0,0],[0,0],[0,0],[0,-9.266],[-2.3,-3.566],[-2.667,0],[-3.5,1.034],[-2.467,-3.4],[-4.734,0],[0,0],[0,0],[0,0],[0,0],[0,0]],"v":[[14.7,-40.6],[16.4,-41.5],[21.55,-43.35],[28.1,-44.3],[36.65,-40.45],[38.6,-25.8],[38.6,0],[46.1,0],[46.1,-26],[44.8,-40.6],[46.7,-41.5],[52.1,-43.35],[58.9,-44.3],[67.4,-40.45],[69.4,-26.2],[69.4,0],[76.9,0],[76.9,-26.4],[73.45,-45.65],[60,-51],[50.75,-49.45],[42.2,-45.9],[29.2,-51],[14.6,-46.5],[14.6,-50],[7.2,-50],[7.2,0],[14.7,0]],"c":true},"ix":2},"nm":"m","mn":"ADBE Vector Shape - Group","hd":false}],"nm":"m","np":3,"cix":2,"bm":0,"ix":1,"mn":"ADBE Vector Group","hd":false}]},"fFamily":"Titillium Web"},{"ch":"p","size":15,"style":"Regular","w":52.7,"data":{"shapes":[{"ty":"gr","it":[{"ind":0,"ty":"sh","ix":1,"ks":{"a":0,"k":{"i":[[0,0],[0,0],[-4.067,0],[-3.367,4.034],[0,9.267],[2.866,4.034],[6.333,0],[5.066,-3.066],[0,0],[0,0],[0,0]],"o":[[0,0],[3.4,0.733],[7.8,0],[3.366,-4.033],[0,-9.266],[-2.867,-4.033],[-4.934,0],[0,0],[0,0],[0,0],[0,0]],"v":[[14.7,22.2],[14.7,-0.1],[25.9,1],[42.65,-5.05],[47.7,-25],[43.4,-44.95],[29.6,-51],[14.6,-46.4],[14.6,-50],[7.2,-50],[7.2,22.2]],"c":true},"ix":2},"nm":"p","mn":"ADBE Vector Shape - Group","hd":false},{"ind":1,"ty":"sh","ix":2,"ks":{"a":0,"k":{"i":[[-1.967,-2.933],[0,-6.933],[2.166,-3.066],[5.4,0],[4.733,0.734],[0,0],[0,0],[-2.3,0.667],[-2,0]],"o":[[1.966,2.934],[0,6.934],[-2.167,3.067],[-2.467,0],[0,0],[0,0],[1.333,-0.666],[2.3,-0.666],[3.8,0]],"v":[[37.15,-39.9],[40.1,-25.1],[36.85,-10.1],[25.5,-5.5],[14.7,-6.6],[14.7,-40.3],[16.6,-41.3],[22.05,-43.3],[28.5,-44.3]],"c":true},"ix":2},"nm":"p","mn":"ADBE Vector Shape - Group","hd":false}],"nm":"p","np":5,"cix":2,"bm":0,"ix":1,"mn":"ADBE Vector Group","hd":false}]},"fFamily":"Titillium Web"},{"ch":".","size":15,"style":"Regular","w":21.6,"data":{"shapes":[{"ty":"gr","it":[{"ind":0,"ty":"sh","ix":1,"ks":{"a":0,"k":{"i":[[0,0],[0,0],[0,0],[0,0]],"o":[[0,0],[0,0],[0,0],[0,0]],"v":[[14.9,0],[14.9,-11.4],[6.7,-11.4],[6.7,0]],"c":true},"ix":2},"nm":".","mn":"ADBE Vector Shape - Group","hd":false}],"nm":".","np":3,"cix":2,"bm":0,"ix":1,"mn":"ADBE Vector Group","hd":false}]},"fFamily":"Titillium Web"}]}