{"v":"5.5.6","fr":25,"ip":0,"op":75,"w":300,"h":300,"nm":"splash 4","ddd":0,"assets":[{"id":"image_0","w":1200,"h":1200,"u":"images/","p":"img_0.png","e":0},{"id":"comp_0","layers":[{"ddd":0,"ind":1,"ty":2,"nm":"SafeHouse_Logo_White-02.png","cl":"png","refId":"image_0","sr":1,"ks":{"o":{"a":0,"k":100,"ix":11},"r":{"a":0,"k":0,"ix":10},"p":{"a":0,"k":[600,600,0],"ix":2},"a":{"a":0,"k":[600,600,0],"ix":1},"s":{"a":0,"k":[100,100,100],"ix":6}},"ao":0,"ip":0,"op":750,"st":0,"bm":0}]}],"fonts":{"list":[{"fName":"TitilliumWeb-Bold","fFamily":"Titillium Web","fStyle":"Bold","ascent":74.0485718473792}]},"layers":[{"ddd":0,"ind":1,"ty":5,"nm":"by SafeHouse 2","sr":1,"ks":{"o":{"a":1,"k":[{"i":{"x":[0.833],"y":[0.833]},"o":{"x":[0.167],"y":[0.167]},"t":23,"s":[0]},{"t":34,"s":[100]}],"ix":11,"x":"var $bm_rt;\nvar result;\nresult = getAnimationComposerPresetValue();\nfunction getAnimationComposerPresetValue() {\n    var bL = thisLayer;\n    var tTrI = null;\n    var tTrO = null;\n    if (bL.marker.numKeys > 0) {\n        var acmp = 'zzzzzzzzzzzzzzz_AC';\n        for (var i = 1; i <= bL.marker.numKeys; i++) {\n            var m = bL.marker.key(i);\n            var p = m.parameters;\n            if (p.hasOwnProperty(acmp + 'MarkerEnabled') && p.hasOwnProperty(acmp + 'MarkerType') && p.hasOwnProperty(acmp + 'MarkerAppPresetType')) {\n                if (p[acmp + 'MarkerEnabled'] != '1') {\n                    continue;\n                }\n                switch (p[acmp + 'MarkerAppPresetType']) {\n                case '1': {\n                        tTrI = m.time;\n                        break;\n                    }\n                }\n            }\n        }\n    }\n    ;\n    function acValMul(val) {\n        acAccM *= val;\n    }\n    function easeInQuint(t) {\n        return $bm_mul($bm_mul($bm_mul($bm_mul(t, t), t), t), t);\n    }\n    function upACo(tIn, dIn, tOut, dOut, eFi, eFo) {\n        if (dIn < 0) {\n            dIn = 0;\n        }\n        if (dOut < 0) {\n            dOut = 0;\n        }\n        ac.fade = 1;\n        if (t < tOut) {\n            if (t < $bm_sum(tIn, dIn)) {\n                if (dIn == 0) {\n                    ac.fade = 0;\n                } else {\n                    ac.fade = $bm_div($bm_sub(t, tIn), dIn);\n                    if (ac.fade < 0) {\n                        ac.fade = 0;\n                    }\n                    if (ac.fade > 1) {\n                        ac.fade = 1;\n                    }\n                    if (eFi) {\n                        ac.fade = eFi(ac.fade);\n                    }\n                }\n            }\n        } else {\n            if (dOut == 0) {\n                ac.fade = 0;\n            } else {\n                ac.fade = $bm_div($bm_sub(t, tOut), dOut);\n                if (ac.fade < 0) {\n                    ac.fade = 0;\n                }\n                if (ac.fade > 1) {\n                    ac.fade = 1;\n                }\n                if (eFo) {\n                    ac.fade = eFo(ac.fade);\n                }\n                ac.fade = $bm_sub(1, ac.fade);\n            }\n        }\n        ac.intensity = 1;\n        ac.en = true;\n        ac.t = $bm_sub(t, tIn);\n    }\n    var ac = {};\n    ac.en = false;\n    var v = thisProperty.value;\n    var t = time;\n    var acAccM = 1;\n    ac.en = false;\n    if (tTrI !== null && t < tTrI) {\n        upACo(bL.inPoint, $bm_sub(tTrI, bL.inPoint), bL.outPoint, 0);\n        ac.fade = $bm_sub(1, ac.fade);\n    }\n    if (ac.en) {\n        acValMul($bm_sub(1, easeInQuint(ac.fade)));\n    }\n    v = thisProperty.value;\n    v *= acAccM;\n    return v;\n}\n$bm_rt = result;"},"r":{"a":0,"k":0,"ix":10},"p":{"a":0,"k":[117.762,266.704,0],"ix":2},"a":{"a":0,"k":[-44,3,0],"ix":1},"s":{"a":0,"k":[100,100,100],"ix":6}},"ao":0,"t":{"d":{"k":[{"s":{"s":17,"f":"TitilliumWeb-Bold","t":"by SafeHouse","j":2,"tr":-46,"lh":20.4,"ls":0,"fc":[1,1,1]},"t":0}]},"p":{},"m":{"g":1,"a":{"a":0,"k":[0,0],"ix":2}},"a":[{"nm":"Animator 1","s":{"t":0,"xe":{"a":0,"k":0,"ix":7},"ne":{"a":0,"k":0,"ix":8},"a":{"a":0,"k":100,"ix":4},"b":1,"rn":0,"sh":2,"e":{"a":0,"k":25,"ix":2},"o":{"a":0,"k":100,"ix":3},"r":1},"a":{"r":{"a":0,"k":0,"ix":8},"o":{"a":0,"k":0,"ix":9}}}]},"ip":23,"op":107,"st":40,"bm":0},{"ddd":0,"ind":2,"ty":5,"nm":"BodyGuard","sr":1,"ks":{"o":{"a":1,"k":[{"i":{"x":[0.833],"y":[0.833]},"o":{"x":[0.167],"y":[0.167]},"t":17,"s":[0]},{"t":29,"s":[100]}],"ix":11},"r":{"a":0,"k":0,"ix":10},"p":{"a":0,"k":[152.796,236.884,0],"ix":2},"a":{"a":0,"k":[0,0,0],"ix":1},"s":{"a":0,"k":[100,100,100],"ix":6}},"ao":0,"t":{"d":{"k":[{"s":{"s":34,"f":"TitilliumWeb-Bold","t":"BodyGuard","j":2,"tr":-46,"lh":40.8,"ls":0,"fc":[1,1,1]},"t":0}]},"p":{},"m":{"g":1,"a":{"a":0,"k":[0,0],"ix":2}},"a":[{"nm":"Animator 1","s":{"t":0,"xe":{"a":0,"k":100,"ix":7},"ne":{"a":0,"k":0,"ix":8},"a":{"a":0,"k":100,"ix":4},"b":1,"rn":0,"sh":2,"o":{"a":0,"k":100,"ix":3},"r":1},"a":{"o":{"a":0,"k":0,"ix":9}}}]},"ip":17,"op":399,"st":17,"bm":0},{"ddd":0,"ind":3,"ty":2,"nm":"SafeHouse_Logo_White-02.png","cl":"png","refId":"image_0","sr":1,"ks":{"o":{"a":0,"k":100,"ix":11},"r":{"a":0,"k":0,"ix":10},"p":{"a":0,"k":[600,600,0],"ix":2},"a":{"a":0,"k":[600,600,0],"ix":1},"s":{"a":0,"k":[100,100,100],"ix":6}},"ao":0,"ip":0,"op":750,"st":0,"bm":0},{"ddd":0,"ind":4,"ty":0,"nm":"logo","refId":"comp_0","sr":1,"ks":{"o":{"a":1,"k":[{"i":{"x":[0.833],"y":[0.833]},"o":{"x":[0.167],"y":[0.167]},"t":18,"s":[0]},{"t":28,"s":[100]}],"ix":11,"x":"var $bm_rt;\nvar result;\nresult = getAnimationComposerPresetValue();\nfunction getAnimationComposerPresetValue() {\n    var bL = thisLayer;\n    var tTrI = null;\n    var tTrO = null;\n    if (bL.marker.numKeys > 0) {\n        var acmp = 'zzzzzzzzzzzzzzz_AC';\n        for (var i = 1; i <= bL.marker.numKeys; i++) {\n            var m = bL.marker.key(i);\n            var p = m.parameters;\n            if (p.hasOwnProperty(acmp + 'MarkerEnabled') && p.hasOwnProperty(acmp + 'MarkerType') && p.hasOwnProperty(acmp + 'MarkerAppPresetType')) {\n                if (p[acmp + 'MarkerEnabled'] != '1') {\n                    continue;\n                }\n                switch (p[acmp + 'MarkerAppPresetType']) {\n                case '1': {\n                        tTrI = m.time;\n                        break;\n                    }\n                }\n            }\n        }\n    }\n    function acValMul(val) {\n        acAccM *= val;\n    }\n    function easeInQuint(t) {\n        return $bm_mul($bm_mul($bm_mul($bm_mul(t, t), t), t), t);\n    }\n    function upACo(tIn, dIn, tOut, dOut, eFi, eFo) {\n        if (dIn < 0) {\n            dIn = 0;\n        }\n        if (dOut < 0) {\n            dOut = 0;\n        }\n        ac.fade = 1;\n        if (t < tOut) {\n            if (t < $bm_sum(tIn, dIn)) {\n                if (dIn == 0) {\n                    ac.fade = 0;\n                } else {\n                    ac.fade = $bm_div($bm_sub(t, tIn), dIn);\n                    if (ac.fade < 0) {\n                        ac.fade = 0;\n                    }\n                    if (ac.fade > 1) {\n                        ac.fade = 1;\n                    }\n                    if (eFi) {\n                        ac.fade = eFi(ac.fade);\n                    }\n                }\n            }\n        } else {\n            if (dOut == 0) {\n                ac.fade = 0;\n            } else {\n                ac.fade = $bm_div($bm_sub(t, tOut), dOut);\n                if (ac.fade < 0) {\n                    ac.fade = 0;\n                }\n                if (ac.fade > 1) {\n                    ac.fade = 1;\n                }\n                if (eFo) {\n                    ac.fade = eFo(ac.fade);\n                }\n                ac.fade = $bm_sub(1, ac.fade);\n            }\n        }\n        ac.intensity = 1;\n        ac.en = true;\n        ac.t = $bm_sub(t, tIn);\n    }\n    var ac = {};\n    ac.en = false;\n    var v = thisProperty.value;\n    var t = time;\n    var acAccM = 1;\n    ac.en = false;\n    if (tTrI !== null && t < tTrI) {\n        upACo(bL.inPoint, $bm_sub(tTrI, bL.inPoint), bL.outPoint, 0);\n        ac.fade = $bm_sub(1, ac.fade);\n    }\n    if (ac.en) {\n        acValMul($bm_sub(1, easeInQuint(ac.fade)));\n    }\n    v = thisProperty.value;\n    v *= acAccM;\n    return v;\n}\n$bm_rt = result;"},"r":{"a":0,"k":0,"ix":10},"p":{"a":0,"k":[150,130,0],"ix":2},"a":{"a":0,"k":[600,600,0],"ix":1},"s":{"a":0,"k":[13,13,100],"ix":6}},"ao":0,"ef":[{"ty":5,"nm":"Card Wipe","np":62,"mn":"APC CardWipeCam","ix":1,"en":1,"ef":[{"ty":0,"nm":"Transition Completion","mn":"APC CardWipeCam-0002","ix":1,"v":{"a":0,"k":0,"ix":1}},{"ty":0,"nm":"Transition Width","mn":"APC CardWipeCam-0004","ix":2,"v":{"a":0,"k":50,"ix":2}},{"ty":10,"nm":"Back Layer","mn":"APC CardWipeCam-0006","ix":3,"v":{"a":0,"k":4,"ix":3}},{"ty":7,"nm":"Rows & Columns","mn":"APC CardWipeCam-0008","ix":4,"v":{"a":0,"k":1,"ix":4}},{"ty":0,"nm":"Rows","mn":"APC CardWipeCam-0010","ix":5,"v":{"a":0,"k":1,"ix":5}},{"ty":0,"nm":"Columns","mn":"APC CardWipeCam-0012","ix":6,"v":{"a":0,"k":15,"ix":6}},{"ty":0,"nm":"Card Scale","mn":"APC CardWipeCam-0014","ix":7,"v":{"a":0,"k":1,"ix":7}},{"ty":7,"nm":"Flip Axis","mn":"APC CardWipeCam-0016","ix":8,"v":{"a":0,"k":1,"ix":8}},{"ty":7,"nm":"Flip Direction","mn":"APC CardWipeCam-0018","ix":9,"v":{"a":0,"k":1,"ix":9}},{"ty":7,"nm":"Flip Order","mn":"APC CardWipeCam-0020","ix":10,"v":{"a":0,"k":1,"ix":10}},{"ty":10,"nm":"Gradient Layer","mn":"APC CardWipeCam-0022","ix":11,"v":{"a":0,"k":4,"ix":11}},{"ty":0,"nm":"Timing Randomness","mn":"APC CardWipeCam-0024","ix":12,"v":{"a":0,"k":0,"ix":12}},{"ty":0,"nm":"Random Seed","mn":"APC CardWipeCam-0026","ix":13,"v":{"a":0,"k":1,"ix":13}},{"ty":7,"nm":"Camera System","mn":"APC CardWipeCam-0028","ix":14,"v":{"a":0,"k":1,"ix":14}},{"ty":6,"nm":"Camera Position","mn":"APC CardWipeCam-0098","ix":15,"v":0},{"ty":0,"nm":"X Rotation","mn":"APC CardWipeCam-0030","ix":16,"v":{"a":0,"k":0,"ix":16}},{"ty":0,"nm":"Y Rotation","mn":"APC CardWipeCam-0032","ix":17,"v":{"a":0,"k":0,"ix":17}},{"ty":0,"nm":"Z Rotation","mn":"APC CardWipeCam-0034","ix":18,"v":{"a":0,"k":0,"ix":18}},{"ty":3,"nm":"X,Y Position","mn":"APC CardWipeCam-0036","ix":19,"v":{"a":0,"k":[600,600],"ix":19}},{"ty":0,"nm":"Z Position","mn":"APC CardWipeCam-0038","ix":20,"v":{"a":0,"k":2,"ix":20}},{"ty":0,"nm":"Focal Length","mn":"APC CardWipeCam-0040","ix":21,"v":{"a":0,"k":70,"ix":21}},{"ty":7,"nm":"Transform Order","mn":"APC CardWipeCam-0042","ix":22,"v":{"a":0,"k":1,"ix":22}},{"ty":6,"nm":"","mn":"APC CardWipeCam-0047","ix":23,"v":0},{"ty":6,"nm":"Corner Pins","mn":"APC CardWipeCam-0100","ix":24,"v":0},{"ty":3,"nm":"Upper Left  Corner","mn":"APC CardWipeCam-0044","ix":25,"v":{"a":0,"k":[0,0],"ix":25}},{"ty":3,"nm":"Upper Right Corner","mn":"APC CardWipeCam-0046","ix":26,"v":{"a":0,"k":[1200,0],"ix":26}},{"ty":3,"nm":"Lower Left  Corner","mn":"APC CardWipeCam-0048","ix":27,"v":{"a":0,"k":[0,1200],"ix":27}},{"ty":3,"nm":"Lower Right Corner","mn":"APC CardWipeCam-0050","ix":28,"v":{"a":0,"k":[1200,1200],"ix":28}},{"ty":7,"nm":"Auto Focal Length","mn":"APC CardWipeCam-0052","ix":29,"v":{"a":0,"k":0,"ix":29}},{"ty":0,"nm":"Focal Length","mn":"APC CardWipeCam-0054","ix":30,"v":{"a":0,"k":70,"ix":30}},{"ty":6,"nm":"","mn":"APC CardWipeCam-0063","ix":31,"v":0},{"ty":6,"nm":"Lighting","mn":"APC CardWipeCam-0102","ix":32,"v":0},{"ty":7,"nm":"Light Type","mn":"APC CardWipeCam-0064","ix":33,"v":{"a":0,"k":2,"ix":33}},{"ty":0,"nm":"Light Intensity","mn":"APC CardWipeCam-0056","ix":34,"v":{"a":0,"k":1,"ix":34}},{"ty":2,"nm":"Light Color","mn":"APC CardWipeCam-0058","ix":35,"v":{"a":0,"k":[1,1,1,1],"ix":35}},{"ty":3,"nm":"Light Position","mn":"APC CardWipeCam-0060","ix":36,"v":{"a":0,"k":[600,600],"ix":36}},{"ty":0,"nm":"Light Depth","mn":"APC CardWipeCam-0062","ix":37,"v":{"a":0,"k":1,"ix":37}},{"ty":0,"nm":"Ambient Light","mn":"APC CardWipeCam-0066","ix":38,"v":{"a":0,"k":0.25,"ix":38}},{"ty":6,"nm":"","mn":"APC CardWipeCam-0079","ix":39,"v":0},{"ty":6,"nm":"Material","mn":"APC CardWipeCam-0104","ix":40,"v":0},{"ty":0,"nm":"Diffuse Reflection","mn":"APC CardWipeCam-0068","ix":41,"v":{"a":0,"k":0.75,"ix":41}},{"ty":0,"nm":"Specular Reflection","mn":"APC CardWipeCam-0070","ix":42,"v":{"a":0,"k":0,"ix":42}},{"ty":0,"nm":"Highlight Sharpness","mn":"APC CardWipeCam-0072","ix":43,"v":{"a":0,"k":10,"ix":43}},{"ty":6,"nm":"","mn":"APC CardWipeCam-0089","ix":44,"v":0},{"ty":6,"nm":"Position Jitter","mn":"APC CardWipeCam-0091","ix":45,"v":0},{"ty":0,"nm":"X Jitter Amount","mn":"APC CardWipeCam-0074","ix":46,"v":{"a":0,"k":0,"ix":46}},{"ty":0,"nm":"X Jitter Speed","mn":"APC CardWipeCam-0076","ix":47,"v":{"a":0,"k":1,"ix":47}},{"ty":0,"nm":"Y Jitter Amount","mn":"APC CardWipeCam-0078","ix":48,"v":{"a":0,"k":0,"ix":48}},{"ty":0,"nm":"Y Jitter Speed","mn":"APC CardWipeCam-0080","ix":49,"v":{"a":0,"k":1,"ix":49}},{"ty":0,"nm":"Z Jitter Amount","mn":"APC CardWipeCam-0082","ix":50,"v":{"a":0,"k":0,"ix":50}},{"ty":0,"nm":"Z Jitter Speed","mn":"APC CardWipeCam-0084","ix":51,"v":{"a":0,"k":1,"ix":51}},{"ty":6,"nm":"","mn":"APC CardWipeCam-0105","ix":52,"v":0},{"ty":6,"nm":"Rotation Jitter","mn":"APC CardWipeCam-0107","ix":53,"v":0},{"ty":0,"nm":"X Rot Jitter Amount","mn":"APC CardWipeCam-0086","ix":54,"v":{"a":0,"k":0,"ix":54}},{"ty":0,"nm":"X Rot Jitter Speed","mn":"APC CardWipeCam-0088","ix":55,"v":{"a":0,"k":1,"ix":55}},{"ty":0,"nm":"Y Rot Jitter Amount","mn":"APC CardWipeCam-0090","ix":56,"v":{"a":0,"k":0,"ix":56}},{"ty":0,"nm":"Y Rot Jitter Speed","mn":"APC CardWipeCam-0092","ix":57,"v":{"a":0,"k":1,"ix":57}},{"ty":0,"nm":"Z Rot Jitter Amount","mn":"APC CardWipeCam-0094","ix":58,"v":{"a":0,"k":0,"ix":58}},{"ty":0,"nm":"Z Rot Jitter Speed","mn":"APC CardWipeCam-0096","ix":59,"v":{"a":0,"k":1,"ix":59}},{"ty":6,"nm":"","mn":"APC CardWipeCam-0121","ix":60,"v":0}]},{"ty":5,"nm":"AC IN [LKC] Gaussian Blur","np":4,"mn":"ADBE Gaussian Blur","ix":2,"en":1,"ef":[{"ty":0,"nm":"Blurriness","mn":"ADBE Gaussian Blur-0001","ix":1,"v":{"a":0,"k":50,"ix":1,"x":"var $bm_rt;\nvar result;\nresult = getAnimationComposerPresetValue();\nfunction getAnimationComposerPresetValue() {\n    var bL = thisLayer;\n    var tTrI = null;\n    var tTrO = null;\n    if (bL.marker.numKeys > 0) {\n        var acmp = 'zzzzzzzzzzzzzzz_AC';\n        for (var i = 1; i <= bL.marker.numKeys; i++) {\n            var m = bL.marker.key(i);\n            var p = m.parameters;\n            if (p.hasOwnProperty(acmp + 'MarkerEnabled') && p.hasOwnProperty(acmp + 'MarkerType') && p.hasOwnProperty(acmp + 'MarkerAppPresetType')) {\n                if (p[acmp + 'MarkerEnabled'] != '1') {\n                    continue;\n                }\n                switch (p[acmp + 'MarkerAppPresetType']) {\n                case '1': {\n                        tTrI = m.time;\n                        break;\n                    }\n                }\n            }\n        }\n    }\n    ;\n    function acValAdd(val) {\n        acAccA = $bm_sum(acAccA, val);\n    }\n    function acValSet(val) {\n        acAccS = val;\n    }\n    function easeInQuad(t) {\n        return $bm_mul(t, t);\n    }\n    function upACo(tIn, dIn, tOut, dOut, eFi, eFo) {\n        if (dIn < 0) {\n            dIn = 0;\n        }\n        if (dOut < 0) {\n            dOut = 0;\n        }\n        ac.fade = 1;\n        if (t < tOut) {\n            if (t < $bm_sum(tIn, dIn)) {\n                if (dIn == 0) {\n                    ac.fade = 0;\n                } else {\n                    ac.fade = $bm_div($bm_sub(t, tIn), dIn);\n                    if (ac.fade < 0) {\n                        ac.fade = 0;\n                    }\n                    if (ac.fade > 1) {\n                        ac.fade = 1;\n                    }\n                    if (eFi) {\n                        ac.fade = eFi(ac.fade);\n                    }\n                }\n            }\n        } else {\n            if (dOut == 0) {\n                ac.fade = 0;\n            } else {\n                ac.fade = $bm_div($bm_sub(t, tOut), dOut);\n                if (ac.fade < 0) {\n                    ac.fade = 0;\n                }\n                if (ac.fade > 1) {\n                    ac.fade = 1;\n                }\n                if (eFo) {\n                    ac.fade = eFo(ac.fade);\n                }\n                ac.fade = $bm_sub(1, ac.fade);\n            }\n        }\n        ac.intensity = 1;\n        ac.en = true;\n        ac.t = $bm_sub(t, tIn);\n    }\n    var ac = {};\n    ac.en = false;\n    var v = thisProperty.value;\n    var t = time;\n    var acAccA = 0;\n    var acAccS = null;\n    ac.en = false;\n    if (tTrI !== null && t < tTrI) {\n        upACo(bL.inPoint, $bm_sub(tTrI, bL.inPoint), bL.outPoint, 0);\n        ac.fade = $bm_sub(1, ac.fade);\n    }\n    if (ac.en) {\n        acValAdd($bm_mul($bm_neg(thisProperty), easeInQuad($bm_sub(1, ac.fade))));\n    }\n    if (!ac.en) {\n        acValSet(0);\n    }\n    v = thisProperty.value;\n    v = $bm_sum(v, acAccA);\n    if (acAccS !== null) {\n        v = acAccS;\n    }\n    return v;\n}\n$bm_rt = result;"}},{"ty":7,"nm":"Blur Dimensions","mn":"ADBE Gaussian Blur-0002","ix":2,"v":{"a":0,"k":1,"ix":2}}]}],"w":1200,"h":1200,"ip":18,"op":118,"st":18,"bm":0},{"ddd":0,"ind":6,"ty":4,"nm":"Layer 2/Group Outlines","sr":1,"ks":{"o":{"a":1,"k":[{"i":{"x":[0.833],"y":[0.833]},"o":{"x":[0.167],"y":[0.167]},"t":18,"s":[0]},{"t":28,"s":[100]}],"ix":11,"x":"var $bm_rt;\nvar result;\nresult = getAnimationComposerPresetValue();\nfunction getAnimationComposerPresetValue() {\n    var bL = thisLayer;\n    var tTrI = null;\n    var tTrO = null;\n    if (bL.marker.numKeys > 0) {\n        var acmp = 'zzzzzzzzzzzzzzz_AC';\n        for (var i = 1; i <= bL.marker.numKeys; i++) {\n            var m = bL.marker.key(i);\n            var p = m.parameters;\n            if (p.hasOwnProperty(acmp + 'MarkerEnabled') && p.hasOwnProperty(acmp + 'MarkerType') && p.hasOwnProperty(acmp + 'MarkerAppPresetType')) {\n                if (p[acmp + 'MarkerEnabled'] != '1') {\n                    continue;\n                }\n                switch (p[acmp + 'MarkerAppPresetType']) {\n                case '1': {\n                        tTrI = m.time;\n                        break;\n                    }\n                }\n            }\n        }\n    }\n    ;\n    function acValMul(val) {\n        acAccM *= val;\n    }\n    function easeInQuint(t) {\n        return $bm_mul($bm_mul($bm_mul($bm_mul(t, t), t), t), t);\n    }\n    function upACo(tIn, dIn, tOut, dOut, eFi, eFo) {\n        if (dIn < 0) {\n            dIn = 0;\n        }\n        if (dOut < 0) {\n            dOut = 0;\n        }\n        ac.fade = 1;\n        if (t < tOut) {\n            if (t < $bm_sum(tIn, dIn)) {\n                if (dIn == 0) {\n                    ac.fade = 0;\n                } else {\n                    ac.fade = $bm_div($bm_sub(t, tIn), dIn);\n                    if (ac.fade < 0) {\n                        ac.fade = 0;\n                    }\n                    if (ac.fade > 1) {\n                        ac.fade = 1;\n                    }\n                    if (eFi) {\n                        ac.fade = eFi(ac.fade);\n                    }\n                }\n            }\n        } else {\n            if (dOut == 0) {\n                ac.fade = 0;\n            } else {\n                ac.fade = $bm_div($bm_sub(t, tOut), dOut);\n                if (ac.fade < 0) {\n                    ac.fade = 0;\n                }\n                if (ac.fade > 1) {\n                    ac.fade = 1;\n                }\n                if (eFo) {\n                    ac.fade = eFo(ac.fade);\n                }\n                ac.fade = $bm_sub(1, ac.fade);\n            }\n        }\n        ac.intensity = 1;\n        ac.en = true;\n        ac.t = $bm_sub(t, tIn);\n    }\n    var ac = {};\n    ac.en = false;\n    var v = thisProperty.value;\n    var t = time;\n    var acAccM = 1;\n    ac.en = false;\n    if (tTrI !== null && t < tTrI) {\n        upACo(bL.inPoint, $bm_sub(tTrI, bL.inPoint), bL.outPoint, 0);\n        ac.fade = $bm_sub(1, ac.fade);\n    }\n    if (ac.en) {\n        acValMul($bm_sub(1, easeInQuint(ac.fade)));\n    }\n    v = thisProperty.value;\n    v *= acAccM;\n    return v;\n}\n$bm_rt = result;"},"r":{"a":0,"k":0,"ix":10},"p":{"a":0,"k":[150.337,131,0],"ix":2},"a":{"a":0,"k":[56,49.5,0],"ix":1},"s":{"a":0,"k":[112,112,100],"ix":6}},"ao":0,"ef":[{"ty":25,"nm":"Drop Shadow - white glow","np":8,"mn":"ADBE Drop Shadow","ix":1,"en":1,"ef":[{"ty":2,"nm":"Shadow Color","mn":"ADBE Drop Shadow-0001","ix":1,"v":{"a":0,"k":[0.196078449488,0.278431385756,0.901960849762,1],"ix":1}},{"ty":0,"nm":"Opacity","mn":"ADBE Drop Shadow-0002","ix":2,"v":{"a":0,"k":255,"ix":2}},{"ty":0,"nm":"Direction","mn":"ADBE Drop Shadow-0003","ix":3,"v":{"a":0,"k":135,"ix":3}},{"ty":0,"nm":"Distance","mn":"ADBE Drop Shadow-0004","ix":4,"v":{"a":0,"k":0,"ix":4}},{"ty":0,"nm":"Softness","mn":"ADBE Drop Shadow-0005","ix":5,"v":{"a":0,"k":3,"ix":5}},{"ty":7,"nm":"Shadow Only","mn":"ADBE Drop Shadow-0006","ix":6,"v":{"a":0,"k":0,"ix":6}}]},{"ty":25,"nm":"Drop Shadow - dark halo 2","np":8,"mn":"ADBE Drop Shadow","ix":2,"en":1,"ef":[{"ty":2,"nm":"Shadow Color","mn":"ADBE Drop Shadow-0001","ix":1,"v":{"a":0,"k":[0.196078449488,0.278431385756,0.901960849762,1],"ix":1}},{"ty":0,"nm":"Opacity","mn":"ADBE Drop Shadow-0002","ix":2,"v":{"a":0,"k":255,"ix":2}},{"ty":0,"nm":"Direction","mn":"ADBE Drop Shadow-0003","ix":3,"v":{"a":0,"k":135,"ix":3}},{"ty":0,"nm":"Distance","mn":"ADBE Drop Shadow-0004","ix":4,"v":{"a":0,"k":0,"ix":4}},{"ty":0,"nm":"Softness","mn":"ADBE Drop Shadow-0005","ix":5,"v":{"a":0,"k":168,"ix":5}},{"ty":7,"nm":"Shadow Only","mn":"ADBE Drop Shadow-0006","ix":6,"v":{"a":0,"k":0,"ix":6}}]},{"ty":25,"nm":"Drop Shadow","np":8,"mn":"ADBE Drop Shadow","ix":3,"en":1,"ef":[{"ty":2,"nm":"Shadow Color","mn":"ADBE Drop Shadow-0001","ix":1,"v":{"a":0,"k":[0.196078449488,0.278431385756,0.901960849762,1],"ix":1}},{"ty":0,"nm":"Opacity","mn":"ADBE Drop Shadow-0002","ix":2,"v":{"a":0,"k":127.5,"ix":2}},{"ty":0,"nm":"Direction","mn":"ADBE Drop Shadow-0003","ix":3,"v":{"a":0,"k":135,"ix":3}},{"ty":0,"nm":"Distance","mn":"ADBE Drop Shadow-0004","ix":4,"v":{"a":0,"k":5,"ix":4}},{"ty":0,"nm":"Softness","mn":"ADBE Drop Shadow-0005","ix":5,"v":{"a":0,"k":30,"ix":5}},{"ty":7,"nm":"Shadow Only","mn":"ADBE Drop Shadow-0006","ix":6,"v":{"a":0,"k":0,"ix":6}}]},{"ty":5,"nm":"AC IN [LKC] Gaussian Blur","np":4,"mn":"ADBE Gaussian Blur","ix":4,"en":1,"ef":[{"ty":0,"nm":"Blurriness","mn":"ADBE Gaussian Blur-0001","ix":1,"v":{"a":0,"k":50,"ix":1,"x":"var $bm_rt;\nvar result;\nresult = getAnimationComposerPresetValue();\nfunction getAnimationComposerPresetValue() {\n    var bL = thisLayer;\n    var tTrI = null;\n    var tTrO = null;\n    if (bL.marker.numKeys > 0) {\n        var acmp = 'zzzzzzzzzzzzzzz_AC';\n        for (var i = 1; i <= bL.marker.numKeys; i++) {\n            var m = bL.marker.key(i);\n            var p = m.parameters;\n            if (p.hasOwnProperty(acmp + 'MarkerEnabled') && p.hasOwnProperty(acmp + 'MarkerType') && p.hasOwnProperty(acmp + 'MarkerAppPresetType')) {\n                if (p[acmp + 'MarkerEnabled'] != '1') {\n                    continue;\n                }\n                switch (p[acmp + 'MarkerAppPresetType']) {\n                case '1': {\n                        tTrI = m.time;\n                        break;\n                    }\n                }\n            }\n        }\n    }\n    ;\n    function acValAdd(val) {\n        acAccA = $bm_sum(acAccA, val);\n    }\n    function acValSet(val) {\n        acAccS = val;\n    }\n    function easeInQuad(t) {\n        return $bm_mul(t, t);\n    }\n    function upACo(tIn, dIn, tOut, dOut, eFi, eFo) {\n        if (dIn < 0) {\n            dIn = 0;\n        }\n        if (dOut < 0) {\n            dOut = 0;\n        }\n        ac.fade = 1;\n        if (t < tOut) {\n            if (t < $bm_sum(tIn, dIn)) {\n                if (dIn == 0) {\n                    ac.fade = 0;\n                } else {\n                    ac.fade = $bm_div($bm_sub(t, tIn), dIn);\n                    if (ac.fade < 0) {\n                        ac.fade = 0;\n                    }\n                    if (ac.fade > 1) {\n                        ac.fade = 1;\n                    }\n                    if (eFi) {\n                        ac.fade = eFi(ac.fade);\n                    }\n                }\n            }\n        } else {\n            if (dOut == 0) {\n                ac.fade = 0;\n            } else {\n                ac.fade = $bm_div($bm_sub(t, tOut), dOut);\n                if (ac.fade < 0) {\n                    ac.fade = 0;\n                }\n                if (ac.fade > 1) {\n                    ac.fade = 1;\n                }\n                if (eFo) {\n                    ac.fade = eFo(ac.fade);\n                }\n                ac.fade = $bm_sub(1, ac.fade);\n            }\n        }\n        ac.intensity = 1;\n        ac.en = true;\n        ac.t = $bm_sub(t, tIn);\n    }\n    var ac = {};\n    ac.en = false;\n    var v = thisProperty.value;\n    var t = time;\n    var acAccA = 0;\n    var acAccS = null;\n    ac.en = false;\n    if (tTrI !== null && t < tTrI) {\n        upACo(bL.inPoint, $bm_sub(tTrI, bL.inPoint), bL.outPoint, 0);\n        ac.fade = $bm_sub(1, ac.fade);\n    }\n    if (ac.en) {\n        acValAdd($bm_mul($bm_neg(thisProperty), easeInQuad($bm_sub(1, ac.fade))));\n    }\n    if (!ac.en) {\n        acValSet(0);\n    }\n    v = thisProperty.value;\n    v = $bm_sum(v, acAccA);\n    if (acAccS !== null) {\n        v = acAccS;\n    }\n    return v;\n}\n$bm_rt = result;"}},{"ty":7,"nm":"Blur Dimensions","mn":"ADBE Gaussian Blur-0002","ix":2,"v":{"a":0,"k":1,"ix":2}}]}],"shapes":[{"ty":"gr","it":[{"ind":0,"ty":"sh","ix":1,"ks":{"a":0,"k":{"i":[[1.662,-2.895],[1.807,-3.122],[3.546,-6.108],[4.338,-7.5],[3.3,-0.009],[8.157,0],[1.662,2.876],[1.766,3.059],[2.364,4.064],[2.925,5.025],[-1.761,2.926],[-1.431,2.489],[-3.048,5.338],[-3.324,0],[-1.603,0],[0,0],[-10.39,0.013],[-1.662,-2.895],[-1.693,-2.931],[-2.572,-4.442]],"o":[[-2.21,3.846],[-3.541,6.108],[-2.808,4.843],[-1.658,2.867],[-8.144,0.023],[-3.311,-0.005],[-3.551,-6.162],[-2.346,-4.073],[-2.69,-4.624],[-1.722,-2.949],[1.681,-2.8],[2.291,-3.978],[1.653,-2.899],[1.88,0],[0,0],[10.031,0],[3.319,-0.005],[1.879,3.267],[2.215,3.827],[1.671,2.89]],"v":[[53.772,-10.534],[46.707,1.741],[36.023,20.036],[22.165,44.34],[14.163,48.982],[-14.062,49.001],[-22.092,44.348],[-32.893,25.393],[-44.949,4.572],[-53.712,-10.525],[-53.645,-20.058],[-48.785,-28.264],[-39.623,-44.307],[-31.571,-48.995],[-26.208,-48.991],[-0.072,-48.991],[31.576,-48.999],[39.628,-44.335],[45.18,-34.704],[53.758,-19.882]],"c":true},"ix":2},"nm":"Path 1","mn":"ADBE Vector Shape - Group","hd":false},{"ty":"fl","c":{"a":0,"k":[0.195999998205,0.277999997606,0.902000038297,1],"ix":4},"o":{"a":0,"k":100,"ix":5},"r":1,"bm":0,"nm":"Fill 2","mn":"ADBE Vector Graphic - Fill","hd":false},{"ty":"fl","c":{"a":0,"k":[0,0,0,1],"ix":4},"o":{"a":0,"k":100,"ix":5},"r":1,"bm":0,"nm":"Fill 1","mn":"ADBE Vector Graphic - Fill","hd":false},{"ty":"tr","p":{"a":0,"k":[55.684,49.255],"ix":2},"a":{"a":0,"k":[0,0],"ix":1},"s":{"a":0,"k":[100,100],"ix":3},"r":{"a":0,"k":0,"ix":6},"o":{"a":0,"k":100,"ix":7},"sk":{"a":0,"k":0,"ix":4},"sa":{"a":0,"k":0,"ix":5},"nm":"Transform"}],"nm":"Group 1","np":3,"cix":2,"bm":0,"ix":1,"mn":"ADBE Vector Group","hd":false}],"ip":18,"op":105,"st":46,"bm":0}],"markers":[],"chars":[{"ch":"B","size":34,"style":"Bold","w":60.9,"data":{"shapes":[{"ty":"gr","it":[{"ind":0,"ty":"sh","ix":1,"ks":{"a":0,"k":{"i":[[0,0],[0,0],[-3.867,3.2],[0,6.6],[1.433,2.4],[3,1.267],[-1.134,2.234],[0,3.8],[3.533,2.834],[7.066,0],[0,0]],"o":[[0,0],[7,0],[3.866,-3.2],[0,-4.266],[-1.434,-2.4],[2.733,-1.733],[1.133,-2.233],[0,-6.333],[-3.534,-2.833],[0,0],[0,0]],"v":[[7.4,0],[34.5,0],[50.8,-4.8],[56.6,-19.5],[54.45,-29.5],[47.8,-35],[53.6,-40.95],[55.3,-50],[50,-63.75],[34.1,-68],[7.4,-68]],"c":true},"ix":2},"nm":"B","mn":"ADBE Vector Shape - Group","hd":false},{"ind":1,"ty":"sh","ix":2,"ks":{"a":0,"k":{"i":[[0,-5.466],[1.433,-1.2],[3,0],[0,0],[0,0],[0,0]],"o":[[0,3.2],[-1.434,1.2],[0,0],[0,0],[0,0],[5.866,0]],"v":[[42.6,-20.2],[40.45,-13.6],[33.8,-11.8],[21.2,-11.8],[21.2,-28.4],[33.8,-28.4]],"c":true},"ix":2},"nm":"B","mn":"ADBE Vector Shape - Group","hd":false},{"ind":2,"ty":"sh","ix":3,"ks":{"a":0,"k":{"i":[[0,-5.4],[5.2,0],[0,0],[0,0],[0,0]],"o":[[0,5.4],[0,0],[0,0],[0,0],[5.266,0]],"v":[[41.3,-48.1],[33.5,-40],[21.2,-40],[21.2,-56.2],[33.4,-56.2]],"c":true},"ix":2},"nm":"B","mn":"ADBE Vector Shape - Group","hd":false}],"nm":"B","np":6,"cix":2,"bm":0,"ix":1,"mn":"ADBE Vector Group","hd":false}]},"fFamily":"Titillium Web"},{"ch":"o","size":34,"style":"Bold","w":53.2,"data":{"shapes":[{"ty":"gr","it":[{"ind":0,"ty":"sh","ix":1,"ks":{"a":0,"k":{"i":[[0,-8.266],[-15.334,0],[0,17.534],[3.533,4.567],[8.266,0],[3.533,-4.566]],"o":[[0,17.534],[15.333,0],[0,-8.266],[-3.534,-4.566],[-8.267,0],[-3.534,4.567]],"v":[[3.6,-25.1],[26.6,1.2],[49.6,-25.1],[44.3,-44.35],[26.6,-51.2],[8.9,-44.35]],"c":true},"ix":2},"nm":"o","mn":"ADBE Vector Shape - Group","hd":false},{"ind":1,"ty":"sh","ix":2,"ks":{"a":0,"k":{"i":[[0,5.134],[-1.367,2.334],[-3.534,0],[-1.367,-2.333],[0,-5.133],[1.366,-2.4],[3.533,0],[1.366,2.4]],"o":[[0,-5.133],[1.366,-2.333],[3.533,0],[1.366,2.334],[0,5.134],[-1.367,2.4],[-3.534,0],[-1.367,-2.4]],"v":[[17.2,-25.1],[19.25,-36.3],[26.6,-39.8],[33.95,-36.3],[36,-25.1],[33.95,-13.8],[26.6,-10.2],[19.25,-13.8]],"c":true},"ix":2},"nm":"o","mn":"ADBE Vector Shape - Group","hd":false}],"nm":"o","np":5,"cix":2,"bm":0,"ix":1,"mn":"ADBE Vector Group","hd":false}]},"fFamily":"Titillium Web"},{"ch":"d","size":34,"style":"Bold","w":54.9,"data":{"shapes":[{"ty":"gr","it":[{"ind":0,"ty":"sh","ix":1,"ks":{"a":0,"k":{"i":[[0,0],[0,0],[0,0],[2.133,0],[3.433,-4.166],[0,-9.1],[-2.867,-4.2],[-7.267,0],[-4.667,2.2],[0,0],[0,0],[0,0]],"o":[[0,0],[0,0],[-3.8,-0.666],[-6.934,0],[-3.434,4.167],[0,9.1],[2.866,4.2],[3.4,0],[0,0],[0,0],[0,0],[0,0]],"v":[[35.3,-70],[35.3,-49.8],[33.4,-50.2],[24.5,-51.2],[8.95,-44.95],[3.8,-25.05],[8.1,-5.1],[23.3,1.2],[35.4,-2.1],[35.4,0],[48.7,0],[48.7,-70]],"c":true},"ix":2},"nm":"d","mn":"ADBE Vector Shape - Group","hd":false},{"ind":1,"ty":"sh","ix":2,"ks":{"a":0,"k":{"i":[[2.766,0],[1.2,2.2],[0,5.2],[-5.4,0],[-3.667,-0.666],[0,0],[0,0]],"o":[[-2.767,0],[-1.2,-2.2],[0,-9.6],[2.866,0],[0,0],[0,0],[-3.067,0.8]],"v":[[25.15,-10.8],[19.2,-14.1],[17.4,-25.2],[25.5,-39.6],[35.3,-38.6],[35.3,-12.3],[33.9,-12]],"c":true},"ix":2},"nm":"d","mn":"ADBE Vector Shape - Group","hd":false}],"nm":"d","np":5,"cix":2,"bm":0,"ix":1,"mn":"ADBE Vector Group","hd":false}]},"fFamily":"Titillium Web"},{"ch":"y","size":34,"style":"Bold","w":50,"data":{"shapes":[{"ty":"gr","it":[{"ind":0,"ty":"sh","ix":1,"ks":{"a":0,"k":{"i":[[0,0],[0,0],[0,0],[0,0],[0,0],[0,0],[0,0],[0,0],[0,0],[0,0]],"o":[[0,0],[0,0],[0,0],[0,0],[0,0],[0,0],[0,0],[0,0],[0,0],[0,0]],"v":[[13.9,0],[23.3,0],[17.8,21],[30.9,21],[48.5,-50],[35.3,-50],[26.2,-11.4],[23.9,-11.4],[14.8,-50],[1.6,-50]],"c":true},"ix":2},"nm":"y","mn":"ADBE Vector Shape - Group","hd":false}],"nm":"y","np":3,"cix":2,"bm":0,"ix":1,"mn":"ADBE Vector Group","hd":false}]},"fFamily":"Titillium Web"},{"ch":"G","size":34,"style":"Bold","w":61.1,"data":{"shapes":[{"ty":"gr","it":[{"ind":0,"ty":"sh","ix":1,"ks":{"a":0,"k":{"i":[[0,0],[0,0],[0,0],[1.933,3.134],[0,7.834],[-0.967,3.234],[-2.067,1.2],[-5.1,0],[-8,-0.866],[0,0],[0,0],[6.2,0],[4.133,-5.466],[0,-12.333],[-3.967,-5.666],[-10.6,0],[-9.534,1.533],[0,0],[0,0],[0,0]],"o":[[0,0],[0,0],[-6.067,0],[-1.934,-3.133],[0,-7.833],[0.966,-3.233],[2.066,-1.2],[5.1,0],[0,0],[0,0],[-7.2,-1.4],[-9.934,0],[-4.134,5.467],[0,12.334],[3.966,5.667],[5.933,0],[0,0],[0,0],[0,0],[0,0]],"v":[[41.9,-24.4],[41.9,-11.2],[33.6,-10.8],[21.6,-15.5],[18.7,-31.95],[20.15,-48.55],[24.7,-55.2],[35.45,-57],[55.1,-55.7],[55.5,-66.4],[51.9,-67.1],[31.8,-69.2],[10.7,-61],[4.5,-34.3],[10.45,-7.3],[32.3,1.2],[55.5,-1.1],[55.5,-36.4],[35.7,-36.4],[35.7,-24.4]],"c":true},"ix":2},"nm":"G","mn":"ADBE Vector Shape - Group","hd":false}],"nm":"G","np":3,"cix":2,"bm":0,"ix":1,"mn":"ADBE Vector Group","hd":false}]},"fFamily":"Titillium Web"},{"ch":"u","size":34,"style":"Bold","w":55.3,"data":{"shapes":[{"ty":"gr","it":[{"ind":0,"ty":"sh","ix":1,"ks":{"a":0,"k":{"i":[[0,0],[0,0],[2.933,0],[0.8,1.8],[0,4.934],[0,0],[0,0],[0,0],[-2.4,-3.833],[-6.934,0],[-4.8,2.667],[0,0],[0,0],[0,0],[0,0]],"o":[[0,0],[-2.6,0.934],[-3.067,0],[-0.8,-1.8],[0,0],[0,0],[0,0],[0,9],[2.4,3.834],[3.533,0],[0,0],[0,0],[0,0],[0,0],[0,0]],"v":[[35.7,-12.6],[34.4,-12.2],[26.1,-10.8],[20.3,-13.5],[19.1,-23.6],[19.1,-50],[5.7,-50],[5.7,-23.8],[9.3,-4.55],[23.3,1.2],[35.8,-2.8],[35.8,0],[49.1,0],[49.1,-50],[35.7,-50]],"c":true},"ix":2},"nm":"u","mn":"ADBE Vector Shape - Group","hd":false}],"nm":"u","np":3,"cix":2,"bm":0,"ix":1,"mn":"ADBE Vector Group","hd":false}]},"fFamily":"Titillium Web"},{"ch":"a","size":34,"style":"Bold","w":51.1,"data":{"shapes":[{"ty":"gr","it":[{"ind":0,"ty":"sh","ix":1,"ks":{"a":0,"k":{"i":[[2.833,2.667],[6.433,0],[7.133,-1.933],[0,0],[0,0],[-0.934,-0.766],[0,-2.066],[0,0],[0,0],[2.866,-2.233],[0,-5.333],[-10.334,0],[-4.8,2.333],[-2.034,-0.467],[-3.4,0],[0,0],[0.4,0.634],[0.133,1.6],[0,0]],"o":[[-2.834,-2.666],[-6.434,0],[0,0],[0,0],[2.066,0],[0.933,0.767],[0,0],[0,0],[-5.934,0.4],[-2.867,2.234],[0,10.934],[5,0],[2.066,1.4],[2.033,0.466],[0,0],[-1.267,-0.266],[-0.4,-0.633],[0,0],[0,-5.866]],"v":[[40.25,-47.2],[26.35,-51.2],[6,-48.3],[6.4,-39],[25.2,-39.8],[29.7,-38.65],[31.1,-34.4],[31.1,-31.3],[20.4,-30.5],[7.2,-26.55],[2.9,-15.2],[18.4,1.2],[33.1,-2.3],[39.25,0.5],[47.4,1.2],[47.8,-8.9],[45.3,-10.25],[44.5,-13.6],[44.5,-34.4]],"c":true},"ix":2},"nm":"a","mn":"ADBE Vector Shape - Group","hd":false},{"ind":1,"ty":"sh","ix":2,"ks":{"a":0,"k":{"i":[[0,0],[0,0],[0,0],[2.533,0],[0,3.667],[-3.734,0.334]],"o":[[0,0],[0,0],[-3,0.8],[-3.267,0],[0,-3.666],[0,0]],"v":[[31.1,-22],[31.1,-11.3],[29.6,-10.9],[21.3,-9.7],[16.4,-15.2],[22,-21.2]],"c":true},"ix":2},"nm":"a","mn":"ADBE Vector Shape - Group","hd":false}],"nm":"a","np":5,"cix":2,"bm":0,"ix":1,"mn":"ADBE Vector Group","hd":false}]},"fFamily":"Titillium Web"},{"ch":"r","size":34,"style":"Bold","w":37.2,"data":{"shapes":[{"ty":"gr","it":[{"ind":0,"ty":"sh","ix":1,"ks":{"a":0,"k":{"i":[[0,0],[0,0],[0,0],[-5.4,1.134],[0,0],[5.6,-3.333],[0,0],[0,0],[0,0]],"o":[[0,0],[0,0],[3.866,-1.2],[0,0],[-5.067,1],[0,0],[0,0],[0,0],[0,0]],"v":[[19.6,0],[19.6,-33.5],[21.6,-34.2],[35.5,-37.7],[35.5,-51.2],[19.5,-44.7],[19.5,-50],[6.2,-50],[6.2,0]],"c":true},"ix":2},"nm":"r","mn":"ADBE Vector Shape - Group","hd":false}],"nm":"r","np":3,"cix":2,"bm":0,"ix":1,"mn":"ADBE Vector Group","hd":false}]},"fFamily":"Titillium Web"},{"ch":"b","size":17,"style":"Bold","w":54.4,"data":{"shapes":[{"ty":"gr","it":[{"ind":0,"ty":"sh","ix":1,"ks":{"a":0,"k":{"i":[[4.266,-1.8],[0,0],[0,0],[0,0],[0,0],[-2.867,0],[-3.734,3.767],[0,9.867],[3.233,3.834],[7,0]],"o":[[0,0],[0,0],[0,0],[0,0],[7.6,0.666],[9.133,0],[3.733,-3.766],[0,-9.866],[-3.234,-3.833],[-2.934,0]],"v":[[19.6,-48.5],[19.6,-70],[6.2,-70],[6.2,-0.2],[10,0.2],[25.7,1.2],[45,-4.45],[50.6,-24.9],[45.75,-45.45],[30.4,-51.2]],"c":true},"ix":2},"nm":"b","mn":"ADBE Vector Shape - Group","hd":false},{"ind":1,"ty":"sh","ix":2,"ks":{"a":0,"k":{"i":[[3.066,0.267],[0,0],[0,0],[-2.667,0],[0,-9],[1.533,-2.166],[4.466,0]],"o":[[0,0],[0,0],[2.4,-0.666],[5.6,0],[0,5.6],[-1.534,2.167],[-1,0]],"v":[[19.6,-11.2],[19.6,-37.9],[21,-38.2],[28.6,-39.2],[37,-25.7],[34.7,-14.05],[25.7,-10.8]],"c":true},"ix":2},"nm":"b","mn":"ADBE Vector Shape - Group","hd":false}],"nm":"b","np":5,"cix":2,"bm":0,"ix":1,"mn":"ADBE Vector Group","hd":false}]},"fFamily":"Titillium Web"},{"ch":" ","size":17,"style":"Bold","w":22,"data":{},"fFamily":"Titillium Web"},{"ch":"S","size":17,"style":"Bold","w":54.4,"data":{"shapes":[{"ty":"gr","it":[{"ind":0,"ty":"sh","ix":1,"ks":{"a":0,"k":{"i":[[-9.4,-1.066],[0,0],[0,0],[4.933,0],[4.133,-3.333],[0,-6.8],[-3.167,-3.033],[-7.734,-2.2],[-1.634,-1.2],[0,-2.133],[7.066,0],[8.933,1.2],[0,0],[0,0],[-5.2,0],[-4.334,3.667],[0,7.134],[2.666,2.7],[6.633,2.134],[1.8,1.134],[0,2.134],[-7.267,0]],"o":[[0,0],[0,0],[-7.6,-1.333],[-7.2,0],[-4.134,3.334],[0,5.4],[3.166,3.034],[4.866,1.4],[1.633,1.2],[0,5.867],[-4.734,0],[0,0],[0,0],[7.533,1.6],[7,0],[4.333,-3.666],[0,-5.6],[-2.667,-2.7],[-6.634,-2.133],[-1.8,-1.133],[0,-4.8],[3.866,0]],"v":[[48.2,-55.6],[49.3,-66.5],[45.7,-67.2],[26.9,-69.2],[9.9,-64.2],[3.7,-49],[8.45,-36.35],[24.8,-28.5],[34.55,-24.6],[37,-19.6],[26.4,-10.8],[5.9,-12.6],[4.5,-1.9],[8.1,-1.2],[27.2,1.2],[44.2,-4.3],[50.7,-20.5],[46.7,-32.95],[32.75,-40.2],[20.1,-45.1],[17.4,-50],[28.3,-57.2]],"c":true},"ix":2},"nm":"S","mn":"ADBE Vector Shape - Group","hd":false}],"nm":"S","np":3,"cix":2,"bm":0,"ix":1,"mn":"ADBE Vector Group","hd":false}]},"fFamily":"Titillium Web"},{"ch":"f","size":17,"style":"Bold","w":35.7,"data":{"shapes":[{"ty":"gr","it":[{"ind":0,"ty":"sh","ix":1,"ks":{"a":0,"k":{"i":[[0,0],[0,0],[0,0],[0,0],[-0.667,1.067],[-2,0],[-2.934,-0.133],[0,0],[0,0],[2.4,0],[2.133,-2.733],[0,-7.2],[0,0],[0,0],[0,0],[0,0],[0,0],[0,0],[0,0]],"o":[[0,0],[0,0],[0,0],[0,-2.6],[0.666,-1.066],[2,0],[0,0],[0,0],[-3.8,-0.666],[-5.467,0],[-2.134,2.734],[0,0],[0,0],[0,0],[0,0],[0,0],[0,0],[0,0],[0,0]],"v":[[34.1,-38.6],[34.1,-50],[22,-50],[22,-52.1],[23,-57.6],[27,-59.2],[34.4,-59],[34.6,-69.9],[32.5,-70.2],[23.2,-71.2],[11.8,-67.1],[8.6,-52.2],[8.6,-50],[3.2,-50],[3.2,-38.6],[8.6,-38.6],[8.6,0],[22,0],[22,-38.6]],"c":true},"ix":2},"nm":"f","mn":"ADBE Vector Shape - Group","hd":false}],"nm":"f","np":3,"cix":2,"bm":0,"ix":1,"mn":"ADBE Vector Group","hd":false}]},"fFamily":"Titillium Web"},{"ch":"e","size":17,"style":"Bold","w":51,"data":{"shapes":[{"ty":"gr","it":[{"ind":0,"ty":"sh","ix":1,"ks":{"a":0,"k":{"i":[[0.066,3.067],[0,0],[0,0],[14.533,0],[0,-17.933],[-3.4,-4],[-7.534,0],[-7.667,1.866],[0,0],[0,0],[6.2,0],[1.566,1.367]],"o":[[0,0],[0,0],[0,-15.066],[-14.734,0],[0,9],[3.4,4],[6.2,0],[0,0],[0,0],[-4.867,0.4],[-2.934,0],[-1.567,-1.366]],"v":[[17.2,-19.3],[46.6,-19.3],[47.6,-28.6],[25.8,-51.2],[3.7,-24.3],[8.8,-4.8],[25.2,1.2],[46,-1.6],[45.8,-11.5],[43,-11.2],[26.4,-10.6],[19.65,-12.65]],"c":true},"ix":2},"nm":"e","mn":"ADBE Vector Shape - Group","hd":false},{"ind":1,"ty":"sh","ix":2,"ks":{"a":0,"k":{"i":[[0,0],[-1.3,1.634],[-3.167,0],[-1.267,-1.566],[0,-4]],"o":[[0.066,-3.866],[1.3,-1.633],[3.166,0],[1.266,1.567],[0,0]],"v":[[17.1,-29.5],[19.15,-37.75],[25.85,-40.2],[32.5,-37.85],[34.4,-29.5]],"c":true},"ix":2},"nm":"e","mn":"ADBE Vector Shape - Group","hd":false}],"nm":"e","np":5,"cix":2,"bm":0,"ix":1,"mn":"ADBE Vector Group","hd":false}]},"fFamily":"Titillium Web"},{"ch":"H","size":17,"style":"Bold","w":67.7,"data":{"shapes":[{"ty":"gr","it":[{"ind":0,"ty":"sh","ix":1,"ks":{"a":0,"k":{"i":[[0,0],[0,0],[0,0],[0,0],[0,0],[0,0],[0,0],[0,0],[0,0],[0,0],[0,0],[0,0]],"o":[[0,0],[0,0],[0,0],[0,0],[0,0],[0,0],[0,0],[0,0],[0,0],[0,0],[0,0],[0,0]],"v":[[60.3,0],[60.3,-68],[46.5,-68],[46.5,-40.2],[21.2,-40.2],[21.2,-68],[7.4,-68],[7.4,0],[21.2,0],[21.2,-28.2],[46.5,-28.2],[46.5,0]],"c":true},"ix":2},"nm":"H","mn":"ADBE Vector Shape - Group","hd":false}],"nm":"H","np":3,"cix":2,"bm":0,"ix":1,"mn":"ADBE Vector Group","hd":false}]},"fFamily":"Titillium Web"},{"ch":"s","size":17,"style":"Bold","w":47.2,"data":{"shapes":[{"ty":"gr","it":[{"ind":0,"ty":"sh","ix":1,"ks":{"a":0,"k":{"i":[[0,0],[0,0],[3.933,0],[3.6,-2.7],[0,-5.3],[-2.534,-2.066],[-5.167,-0.866],[-1.234,-0.6],[0,-1.266],[1.166,-0.633],[3.233,0],[8.266,1.067],[0,0],[0,0],[-4.4,0],[0,10.8],[2.266,2.2],[5.366,0.967],[1.3,0.5],[0,1.3],[-0.967,0.6],[-3.3,0],[-8.267,-1.066]],"o":[[0,0],[-6.8,-1.266],[-5.667,0],[-3.6,2.7],[0,5.3],[2.533,2.067],[5.166,0.867],[1.233,0.6],[0,1.267],[-1.167,0.634],[-3.234,0],[0,0],[0,0],[6.266,1.2],[13.4,0],[0,-4.933],[-2.267,-2.2],[-5.367,-0.966],[-1.3,-0.5],[0,-1.3],[0.966,-0.6],[3.3,0],[0,0]],"v":[[42.3,-48.6],[39,-49.2],[22.9,-51.1],[9,-47.05],[3.6,-35.05],[7.4,-24],[18.95,-19.6],[28.55,-17.4],[30.4,-14.6],[28.65,-11.75],[22.05,-10.8],[4.8,-12.4],[4.4,-1.2],[7.6,-0.6],[23.6,1.2],[43.7,-15],[40.3,-25.7],[28.85,-30.45],[18.85,-32.65],[16.9,-35.35],[18.35,-38.2],[24.75,-39.1],[42.1,-37.5]],"c":true},"ix":2},"nm":"s","mn":"ADBE Vector Shape - Group","hd":false}],"nm":"s","np":3,"cix":2,"bm":0,"ix":1,"mn":"ADBE Vector Group","hd":false}]},"fFamily":"Titillium Web"}]}