{"v":"5.5.6","fr":25,"ip":0,"op":223,"w":360,"h":500,"nm":"onboard state 3","ddd":0,"assets":[{"id":"image_0","w":750,"h":1624,"u":"images/","p":"img_0.png","e":0},{"id":"image_1","w":750,"h":1624,"u":"images/","p":"img_1.png","e":0},{"id":"image_2","w":376,"h":813,"u":"images/","p":"img_2.png","e":0},{"id":"image_3","w":261,"h":526,"u":"images/","p":"img_3.png","e":0},{"id":"image_4","w":273,"h":539,"u":"images/","p":"img_4.png","e":0},{"id":"comp_0","layers":[{"ddd":0,"ind":1,"ty":3,"nm":"Null 6","sr":1,"ks":{"o":{"a":0,"k":0,"ix":11},"r":{"a":0,"k":0,"ix":10},"p":{"a":1,"k":[{"i":{"x":0.8,"y":1},"o":{"x":0.167,"y":0.167},"t":42,"s":[187.5,406,0],"to":[0,-22,0],"ti":[0,22,0]},{"i":{"x":0.833,"y":0.833},"o":{"x":0.2,"y":0.2},"t":59,"s":[187.5,274,0],"to":[0,0,0],"ti":[0,0,0]},{"i":{"x":0.833,"y":0.833},"o":{"x":0.167,"y":0.167},"t":115,"s":[187.5,274,0],"to":[0,22,0],"ti":[0,-22,0]},{"i":{"x":0.833,"y":0.833},"o":{"x":0.167,"y":0.167},"t":116,"s":[187.5,406,0],"to":[0,0,0],"ti":[0,0,0]},{"i":{"x":0.833,"y":0.833},"o":{"x":0.167,"y":0.167},"t":143,"s":[187.5,406,0],"to":[0,0,0],"ti":[0,0,0]},{"i":{"x":0.8,"y":1},"o":{"x":0.167,"y":0.167},"t":152,"s":[187.5,406,0],"to":[0,-38.333,0],"ti":[0,38.333,0]},{"t":197,"s":[187.5,176,0]}],"ix":2},"a":{"a":0,"k":[0,0,0],"ix":1},"s":{"a":0,"k":[100,100,100],"ix":6}},"ao":0,"ip":0,"op":293,"st":0,"bm":0},{"ddd":0,"ind":2,"ty":0,"nm":"Pre-comp 5","parent":1,"refId":"comp_1","sr":1,"ks":{"o":{"a":0,"k":100,"ix":11},"r":{"a":0,"k":0,"ix":10},"p":{"a":0,"k":[0,0,0],"ix":2},"a":{"a":0,"k":[187.5,406,0],"ix":1},"s":{"a":0,"k":[100,100,100],"ix":6}},"ao":0,"w":375,"h":812,"ip":0,"op":293,"st":0,"bm":0},{"ddd":0,"ind":3,"ty":1,"nm":"Dark Blue Solid 2","sr":1,"ks":{"o":{"a":0,"k":100,"ix":11},"r":{"a":0,"k":0,"ix":10},"p":{"a":0,"k":[187.5,406,0],"ix":2},"a":{"a":0,"k":[2500,2500,0],"ix":1},"s":{"a":0,"k":[100,100,100],"ix":6}},"ao":0,"sw":5000,"sh":5000,"sc":"#0a0a3b","ip":0,"op":293,"st":0,"bm":0}]},{"id":"comp_1","layers":[{"ddd":0,"ind":1,"ty":5,"nm":"BodyGuard@gmail.com","cl":"com","sr":1,"ks":{"o":{"a":1,"k":[{"i":{"x":[0.833],"y":[0.833]},"o":{"x":[0.167],"y":[0.167]},"t":64,"s":[0]},{"i":{"x":[0.833],"y":[0.833]},"o":{"x":[0.167],"y":[0.167]},"t":67,"s":[100]},{"i":{"x":[0.833],"y":[0.833]},"o":{"x":[0.167],"y":[0.167]},"t":110,"s":[100]},{"t":113,"s":[0]}],"ix":11},"r":{"a":0,"k":0,"ix":10},"p":{"a":0,"k":[22,485,0],"ix":2},"a":{"a":0,"k":[0,0,0],"ix":1},"s":{"a":0,"k":[100,100,100],"ix":6}},"ao":0,"t":{"d":{"k":[{"s":{"s":14,"f":"TitilliumWeb-Regular","t":"BodyGuard@gmail.com","j":0,"tr":-11,"lh":16.8,"ls":0,"fc":[1,1,1]},"t":0}]},"p":{},"m":{"g":1,"a":{"a":0,"k":[0,0],"ix":2}},"a":[{"nm":"AC IN [NBO] Animator 1","s":{"t":0,"xe":{"a":0,"k":0,"ix":7},"ne":{"a":0,"k":0,"ix":8},"a":{"a":0,"k":100,"ix":4},"b":2,"rn":0,"sh":2,"o":{"a":0,"k":100,"ix":3,"x":"var $bm_rt;\nvar result;\nresult = getAnimationComposerPresetValue();\nfunction getAnimationComposerPresetValue() {\n    var bL = thisLayer;\n    var tTrI = null;\n    var tTrO = null;\n    if (bL.marker.numKeys > 0) {\n        var acmp = 'zzzzzzzzzzzzzzz_AC';\n        for (var i = 1; i <= bL.marker.numKeys; i++) {\n            var m = bL.marker.key(i);\n            var p = m.parameters;\n            if (p.hasOwnProperty(acmp + 'MarkerEnabled') && p.hasOwnProperty(acmp + 'MarkerType') && p.hasOwnProperty(acmp + 'MarkerAppPresetType')) {\n                if (p[acmp + 'MarkerEnabled'] != '1') {\n                    continue;\n                }\n                switch (p[acmp + 'MarkerAppPresetType']) {\n                case '1': {\n                        tTrI = m.time;\n                        break;\n                    }\n                }\n            }\n        }\n    }\n    ;\n    function acPD(fxN) {\n        try {\n            if (bL.effect(fxN).active === false) {\n                ac.en = false;\n            }\n        } catch (e) {\n        }\n    }\n    function acValAdd(val) {\n        acAccA = $bm_sum(acAccA, val);\n    }\n    function upACo(tIn, dIn, tOut, dOut, eFi, eFo) {\n        if (dIn < 0) {\n            dIn = 0;\n        }\n        if (dOut < 0) {\n            dOut = 0;\n        }\n        ac.fade = 1;\n        if (t < tOut) {\n            if (t < $bm_sum(tIn, dIn)) {\n                if (dIn == 0) {\n                    ac.fade = 0;\n                } else {\n                    ac.fade = $bm_div($bm_sub(t, tIn), dIn);\n                    if (ac.fade < 0) {\n                        ac.fade = 0;\n                    }\n                    if (ac.fade > 1) {\n                        ac.fade = 1;\n                    }\n                    if (eFi) {\n                        ac.fade = eFi(ac.fade);\n                    }\n                }\n            }\n        } else {\n            if (dOut == 0) {\n                ac.fade = 0;\n            } else {\n                ac.fade = $bm_div($bm_sub(t, tOut), dOut);\n                if (ac.fade < 0) {\n                    ac.fade = 0;\n                }\n                if (ac.fade > 1) {\n                    ac.fade = 1;\n                }\n                if (eFo) {\n                    ac.fade = eFo(ac.fade);\n                }\n                ac.fade = $bm_sub(1, ac.fade);\n            }\n        }\n        ac.intensity = 1;\n        ac.en = true;\n        ac.t = $bm_sub(t, tIn);\n    }\n    var ac = {};\n    ac.en = false;\n    var v = thisProperty.value;\n    var t = time;\n    var acAccA = 0;\n    ac.en = false;\n    if (tTrI !== null && t < tTrI) {\n        upACo(bL.inPoint, $bm_sub(tTrI, bL.inPoint), bL.outPoint, 0);\n        ac.fade = $bm_sub(1, ac.fade);\n    }\n    acPD('AC IN [NBO] Controls');\n    if (ac.en) {\n        acValAdd($bm_mul(-200, ac.fade));\n    }\n    v = thisProperty.value;\n    v = $bm_sum(v, acAccA);\n    return v;\n}\n$bm_rt = result;"},"r":1},"a":{"o":{"a":0,"k":0,"ix":9,"x":"var $bm_rt;\nvar result;\nresult = getAnimationComposerPresetValue();\nfunction getAnimationComposerPresetValue() {\n    var bL = thisLayer;\n    var v = thisProperty.value;\n    function acValSet(val) {\n        v = val;\n    }\n    ;\n    function acSliderValP(fxN, stN, dV) {\n        try {\n            return bL.effect(fxN)(stN);\n        } catch (e) {\n            return dV;\n        }\n    }\n    acValSet(acSliderValP('AC IN [NBO] Controls', 'Opacity', 0));\n    return v;\n}\n$bm_rt = result;"}}},{"nm":"Animator 1","s":{"t":0,"xe":{"a":0,"k":0,"ix":7},"ne":{"a":0,"k":0,"ix":8},"a":{"a":0,"k":100,"ix":4},"b":1,"rn":0,"sh":1,"s":{"a":1,"k":[{"i":{"x":[0.833],"y":[0.833]},"o":{"x":[0.167],"y":[0.167]},"t":67,"s":[0]},{"t":89,"s":[100]}],"ix":1},"r":1},"a":{"o":{"a":0,"k":0,"ix":9}}}]},"ip":46,"op":293,"st":12,"bm":0},{"ddd":0,"ind":2,"ty":5,"nm":"Enter your Email address","sr":1,"ks":{"o":{"a":1,"k":[{"i":{"x":[0.833],"y":[0.833]},"o":{"x":[0.167],"y":[0.167]},"t":0,"s":[2]},{"t":4,"s":[60]}],"ix":11},"r":{"a":0,"k":0,"ix":10},"p":{"a":0,"k":[22,485,0],"ix":2},"a":{"a":0,"k":[0,0,0],"ix":1},"s":{"a":0,"k":[100,100,100],"ix":6}},"ao":0,"t":{"d":{"k":[{"s":{"s":14,"f":"TitilliumWeb-Regular","t":"Enter your Email address","j":0,"tr":-11,"lh":16.8,"ls":0,"fc":[1,1,1]},"t":0}]},"p":{},"m":{"g":1,"a":{"a":0,"k":[0,0],"ix":2}},"a":[]},"ip":0,"op":64,"st":0,"bm":0},{"ddd":0,"ind":3,"ty":4,"nm":"Shape Layer 5","sr":1,"ks":{"o":{"a":1,"k":[{"i":{"x":[0.833],"y":[0.833]},"o":{"x":[0.167],"y":[0.167]},"t":110,"s":[100]},{"t":113,"s":[0]}],"ix":11},"r":{"a":0,"k":0,"ix":10},"p":{"a":1,"k":[{"i":{"x":0.833,"y":0.833},"o":{"x":0.167,"y":0.167},"t":59,"s":[42.75,478,0],"to":[0,0,0],"ti":[0,0,0]},{"i":{"x":0.833,"y":0.833},"o":{"x":0.167,"y":0.167},"t":91,"s":[42.75,478,0],"to":[0,0,0],"ti":[0,0,0]},{"t":100,"s":[186.75,612,0]}],"ix":2},"a":{"a":0,"k":[6.601,87.342,0],"ix":1},"s":{"a":1,"k":[{"i":{"x":[0.5,0.5,0.5],"y":[1,1,1]},"o":{"x":[0.167,0.167,0.167],"y":[0.167,0.167,0]},"t":55,"s":[49.232,49.232,100]},{"i":{"x":[0.5,0.5,0.5],"y":[1,1,1]},"o":{"x":[0.5,0.5,0.5],"y":[0,0,0]},"t":59,"s":[59.232,59.232,100]},{"i":{"x":[0.5,0.5,0.5],"y":[1,1,1]},"o":{"x":[0.167,0.167,0.167],"y":[0,0,0]},"t":63,"s":[49.232,49.232,100]},{"i":{"x":[0.5,0.5,0.5],"y":[1,1,1]},"o":{"x":[0.5,0.5,0.5],"y":[0,0,0]},"t":102,"s":[59.232,59.232,100]},{"i":{"x":[0.5,0.5,0.5],"y":[1,1,1]},"o":{"x":[0.167,0.167,0.167],"y":[0,0,0]},"t":106,"s":[49.232,49.232,100]},{"t":110,"s":[59.232,59.232,100]}],"ix":6}},"ao":0,"shapes":[{"ty":"gr","it":[{"d":1,"ty":"el","s":{"a":0,"k":[375,812],"ix":2},"p":{"a":0,"k":[0,0],"ix":3},"nm":"Ellipse Path 1","mn":"ADBE Vector Shape - Ellipse","hd":false},{"ty":"st","c":{"a":0,"k":[0.023529414088,0.06274510175,0.40784317255,1],"ix":3},"o":{"a":0,"k":0,"ix":4},"w":{"a":0,"k":2,"ix":5},"lc":1,"lj":1,"ml":4,"bm":0,"nm":"Stroke 1","mn":"ADBE Vector Graphic - Stroke","hd":false},{"ty":"fl","c":{"a":0,"k":[0.858026960784,0.858026960784,0.858026960784,1],"ix":4},"o":{"a":0,"k":12,"ix":5},"r":1,"bm":0,"nm":"Fill 1","mn":"ADBE Vector Graphic - Fill","hd":false},{"ty":"tr","p":{"a":0,"k":[5.086,87.477],"ix":2},"a":{"a":0,"k":[0,0],"ix":1},"s":{"a":0,"k":[15.146,7.119],"ix":3},"r":{"a":0,"k":0,"ix":6},"o":{"a":0,"k":100,"ix":7},"sk":{"a":0,"k":0,"ix":4},"sa":{"a":0,"k":0,"ix":5},"nm":"Transform"}],"nm":"Ellipse 1","np":3,"cix":2,"bm":0,"ix":1,"mn":"ADBE Vector Group","hd":false}],"ip":0,"op":117,"st":-14,"bm":0},{"ddd":0,"ind":4,"ty":2,"nm":"check not secure v3 copy@2x.png","cl":"png","refId":"image_0","sr":1,"ks":{"o":{"a":1,"k":[{"i":{"x":[0.833],"y":[0.833]},"o":{"x":[0.167],"y":[0.167]},"t":128,"s":[0]},{"t":136,"s":[100]}],"ix":11},"r":{"a":0,"k":0,"ix":10},"p":{"a":0,"k":[187.5,406,0],"ix":2},"a":{"a":0,"k":[375,812,0],"ix":1},"s":{"a":0,"k":[50,50,100],"ix":6}},"ao":0,"ip":114,"op":295,"st":74,"bm":0},{"ddd":0,"ind":5,"ty":2,"nm":"lets check v3 copy@2x.png","cl":"png","refId":"image_1","sr":1,"ks":{"o":{"a":1,"k":[{"i":{"x":[0.833],"y":[0.833]},"o":{"x":[0.167],"y":[0.167]},"t":0,"s":[0]},{"i":{"x":[0.833],"y":[0.833]},"o":{"x":[0.167],"y":[0.167]},"t":3,"s":[100]},{"i":{"x":[0.833],"y":[0.833]},"o":{"x":[0.167],"y":[0.167]},"t":110,"s":[100]},{"t":113,"s":[0]}],"ix":11},"r":{"a":0,"k":0,"ix":10},"p":{"a":0,"k":[187.5,406,0],"ix":2},"a":{"a":0,"k":[375,812,0],"ix":1},"s":{"a":0,"k":[50,50,100],"ix":6}},"ao":0,"hasMask":true,"masksProperties":[{"inv":false,"mode":"s","pt":{"a":0,"k":{"i":[[0,0],[0,0],[0,0],[0,0]],"o":[[0,0],[0,0],[0,0],[0,0]],"v":[[504.719,927.838],[26.505,927.838],[26.505,978.8],[504.719,978.8]],"c":true},"ix":1},"o":{"a":0,"k":100,"ix":3},"x":{"a":0,"k":0,"ix":4},"nm":"Mask 1"}],"ip":0,"op":135,"st":0,"bm":0},{"ddd":0,"ind":6,"ty":0,"nm":"animation3","refId":"comp_2","sr":1,"ks":{"o":{"a":0,"k":100,"ix":11},"r":{"a":0,"k":0,"ix":10},"p":{"a":0,"k":[277.5,248,0],"ix":2},"a":{"a":0,"k":[109.5,230,0],"ix":1},"s":{"a":0,"k":[100,100,100],"ix":6}},"ao":0,"w":219,"h":460,"ip":129,"op":342,"st":129,"bm":0},{"ddd":0,"ind":7,"ty":0,"nm":"animation5","refId":"comp_3","sr":1,"ks":{"o":{"a":1,"k":[{"i":{"x":[0.833],"y":[0.833]},"o":{"x":[0.167],"y":[0.167]},"t":110,"s":[100]},{"i":{"x":[0.833],"y":[0.833]},"o":{"x":[0.167],"y":[0.167]},"t":114,"s":[0]},{"i":{"x":[0.833],"y":[0.833]},"o":{"x":[0.167],"y":[0.167]},"t":117,"s":[0]},{"t":121,"s":[100]}],"ix":11},"r":{"a":0,"k":0,"ix":10},"p":{"a":0,"k":[276.414,247.441,0],"ix":2},"a":{"a":0,"k":[109.5,230,0],"ix":1},"s":{"a":0,"k":[100,100,100],"ix":6}},"ao":0,"w":219,"h":460,"ip":0,"op":191,"st":-2,"bm":0},{"ddd":0,"ind":8,"ty":2,"nm":"Layer 24","refId":"image_2","sr":1,"ks":{"o":{"a":0,"k":100,"ix":11},"r":{"a":0,"k":0,"ix":10},"p":{"a":0,"k":[187.5,406,0],"ix":2},"a":{"a":0,"k":[187.75,406.25,0],"ix":1},"s":{"a":0,"k":[100,100,100],"ix":6}},"ao":0,"ip":0,"op":293,"st":0,"bm":0}]},{"id":"comp_2","layers":[{"ddd":0,"ind":1,"ty":4,"nm":"Layer 12/dash Screen 2@2x Outlines","sr":1,"ks":{"o":{"a":0,"k":100,"ix":11},"r":{"a":0,"k":0,"ix":10},"p":{"a":0,"k":[269.5,248,0],"ix":2},"a":{"a":0,"k":[174,156,0],"ix":1},"s":{"a":0,"k":[100,100,100],"ix":6}},"ao":0,"ef":[{"ty":5,"nm":"Glow","np":16,"mn":"ADBE Glo2","ix":1,"en":1,"ef":[{"ty":7,"nm":"Glow Based On","mn":"ADBE Glo2-0001","ix":1,"v":{"a":0,"k":2,"ix":1}},{"ty":0,"nm":"Glow Threshold","mn":"ADBE Glo2-0002","ix":2,"v":{"a":0,"k":163,"ix":2}},{"ty":0,"nm":"Glow Radius","mn":"ADBE Glo2-0003","ix":3,"v":{"a":0,"k":19,"ix":3}},{"ty":0,"nm":"Glow Intensity","mn":"ADBE Glo2-0004","ix":4,"v":{"a":0,"k":1.09,"ix":4}},{"ty":7,"nm":"Composite Original","mn":"ADBE Glo2-0005","ix":5,"v":{"a":0,"k":2,"ix":5}},{"ty":7,"nm":"Glow Operation","mn":"ADBE Glo2-0006","ix":6,"v":{"a":0,"k":3,"ix":6}},{"ty":7,"nm":"Glow Colors","mn":"ADBE Glo2-0007","ix":7,"v":{"a":0,"k":1,"ix":7}},{"ty":7,"nm":"Color Looping","mn":"ADBE Glo2-0008","ix":8,"v":{"a":0,"k":3,"ix":8}},{"ty":0,"nm":"Color Loops","mn":"ADBE Glo2-0009","ix":9,"v":{"a":0,"k":1,"ix":9}},{"ty":0,"nm":"Color Phase","mn":"ADBE Glo2-0010","ix":10,"v":{"a":0,"k":0,"ix":10}},{"ty":0,"nm":"A & B Midpoint","mn":"ADBE Glo2-0011","ix":11,"v":{"a":0,"k":0.5,"ix":11}},{"ty":2,"nm":"Color A","mn":"ADBE Glo2-0012","ix":12,"v":{"a":0,"k":[1,1,1,0],"ix":12}},{"ty":2,"nm":"Color B","mn":"ADBE Glo2-0013","ix":13,"v":{"a":0,"k":[0,0,0,0],"ix":13}},{"ty":7,"nm":"Glow Dimensions","mn":"ADBE Glo2-0014","ix":14,"v":{"a":0,"k":1,"ix":14}}]}],"shapes":[{"ty":"gr","it":[{"ind":0,"ty":"sh","ix":1,"ks":{"a":0,"k":{"i":[[-5.221,-9.115],[-7.915,-13.819],[5.122,-9.01],[5.578,-9.721],[10.927,-19.011],[13.369,-23.344],[10.167,-0.028],[25.142,0.004],[5.118,8.959],[5.445,9.511],[7.29,12.651],[9.02,15.638],[-5.421,9.11],[-4.419,7.738],[-9.384,16.613],[-10.255,0.004],[-4.935,0],[0,0],[-32.018,0.051],[-5.119,-8.999]],"o":[[6.827,11.918],[5.152,8.993],[-6.805,11.967],[-10.915,19.017],[-8.658,15.061],[-5.109,8.922],[-25.098,0.07],[-10.204,-0.003],[-10.948,-19.167],[-7.23,-12.683],[-8.289,-14.395],[-5.299,-9.185],[5.185,-8.714],[7.068,-12.377],[5.098,-9.029],[5.793,-0.001],[0,0],[30.921,0],[10.238,-0.017],[5.787,10.174]],"v":[[139.239,-108.006],[165.667,-61.872],[165.714,-32.777],[143.933,5.421],[111.018,62.369],[68.31,137.999],[43.649,152.444],[-43.34,152.499],[-68.085,138.024],[-101.375,79.04],[-138.537,14.238],[-165.537,-32.747],[-165.334,-62.424],[-150.351,-87.958],[-122.121,-137.89],[-97.296,-152.484],[-80.775,-152.469],[-0.234,-152.469],[97.305,-152.496],[122.123,-137.982]],"c":true},"ix":2},"nm":"Path 1","mn":"ADBE Vector Shape - Group","hd":false},{"ty":"st","c":{"a":0,"k":[0.960784316063,0.674509823322,0.019607843831,1],"ix":3},"o":{"a":0,"k":100,"ix":4},"w":{"a":0,"k":3,"ix":5},"lc":2,"lj":1,"ml":4,"bm":0,"nm":"Stroke 1","mn":"ADBE Vector Graphic - Stroke","hd":false},{"ty":"tr","p":{"a":0,"k":[173.836,155.514],"ix":2},"a":{"a":0,"k":[0,0],"ix":1},"s":{"a":0,"k":[100,100],"ix":3},"r":{"a":0,"k":0,"ix":6},"o":{"a":0,"k":100,"ix":7},"sk":{"a":0,"k":0,"ix":4},"sa":{"a":0,"k":0,"ix":5},"nm":"Transform"}],"nm":"Group 1","np":2,"cix":2,"bm":0,"ix":1,"mn":"ADBE Vector Group","hd":false},{"ty":"tm","s":{"a":1,"k":[{"i":{"x":[0.833],"y":[0.833]},"o":{"x":[0.167],"y":[0.167]},"t":4,"s":[62]},{"t":21,"s":[93]}],"ix":1},"e":{"a":1,"k":[{"i":{"x":[0.833],"y":[0.833]},"o":{"x":[0.167],"y":[0.167]},"t":4,"s":[62]},{"t":21,"s":[14]}],"ix":2},"o":{"a":0,"k":0,"ix":3},"m":1,"ix":2,"nm":"Trim Paths 1","mn":"ADBE Vector Filter - Trim","hd":false}],"ip":0,"op":309,"st":-33,"bm":0},{"ddd":0,"ind":2,"ty":4,"nm":"logo Outlines 4","sr":1,"ks":{"o":{"a":0,"k":100,"ix":11},"r":{"a":0,"k":0,"ix":10},"p":{"a":0,"k":[280.5,258,0],"ix":2},"a":{"a":0,"k":[177,157,0],"ix":1},"s":{"a":0,"k":[169.699,172.939,100],"ix":6}},"ao":0,"ef":[{"ty":5,"nm":"Glow","np":16,"mn":"ADBE Glo2","ix":1,"en":1,"ef":[{"ty":7,"nm":"Glow Based On","mn":"ADBE Glo2-0001","ix":1,"v":{"a":0,"k":2,"ix":1}},{"ty":0,"nm":"Glow Threshold","mn":"ADBE Glo2-0002","ix":2,"v":{"a":0,"k":163,"ix":2}},{"ty":0,"nm":"Glow Radius","mn":"ADBE Glo2-0003","ix":3,"v":{"a":0,"k":19,"ix":3}},{"ty":0,"nm":"Glow Intensity","mn":"ADBE Glo2-0004","ix":4,"v":{"a":0,"k":1.09,"ix":4}},{"ty":7,"nm":"Composite Original","mn":"ADBE Glo2-0005","ix":5,"v":{"a":0,"k":2,"ix":5}},{"ty":7,"nm":"Glow Operation","mn":"ADBE Glo2-0006","ix":6,"v":{"a":0,"k":3,"ix":6}},{"ty":7,"nm":"Glow Colors","mn":"ADBE Glo2-0007","ix":7,"v":{"a":0,"k":1,"ix":7}},{"ty":7,"nm":"Color Looping","mn":"ADBE Glo2-0008","ix":8,"v":{"a":0,"k":3,"ix":8}},{"ty":0,"nm":"Color Loops","mn":"ADBE Glo2-0009","ix":9,"v":{"a":0,"k":1,"ix":9}},{"ty":0,"nm":"Color Phase","mn":"ADBE Glo2-0010","ix":10,"v":{"a":0,"k":0,"ix":10}},{"ty":0,"nm":"A & B Midpoint","mn":"ADBE Glo2-0011","ix":11,"v":{"a":0,"k":0.5,"ix":11}},{"ty":2,"nm":"Color A","mn":"ADBE Glo2-0012","ix":12,"v":{"a":0,"k":[1,1,1,0],"ix":12}},{"ty":2,"nm":"Color B","mn":"ADBE Glo2-0013","ix":13,"v":{"a":0,"k":[0,0,0,0],"ix":13}},{"ty":7,"nm":"Glow Dimensions","mn":"ADBE Glo2-0014","ix":14,"v":{"a":0,"k":1,"ix":14}}]}],"shapes":[{"ty":"gr","it":[{"ind":0,"ty":"sh","ix":1,"ks":{"a":0,"k":{"i":[[0,0]],"o":[[0,0]],"v":[[-59.6,410.297]],"c":false},"ix":2},"nm":"Path 1","mn":"ADBE Vector Shape - Group","hd":false},{"ty":"st","c":{"a":0,"k":[0.579999976065,1,0.913999968884,1],"ix":3},"o":{"a":0,"k":100,"ix":4},"w":{"a":0,"k":3,"ix":5},"lc":1,"lj":1,"ml":4,"bm":0,"nm":"Stroke 1","mn":"ADBE Vector Graphic - Stroke","hd":false},{"ty":"fl","c":{"a":0,"k":[0.966452026367,0.958886958104,0.958886958104,1],"ix":4},"o":{"a":0,"k":100,"ix":5},"r":1,"bm":0,"nm":"Fill 1","mn":"ADBE Vector Graphic - Fill","hd":false},{"ty":"tr","p":{"a":0,"k":[0,0],"ix":2},"a":{"a":0,"k":[0,0],"ix":1},"s":{"a":0,"k":[100,100],"ix":3},"r":{"a":0,"k":0,"ix":6},"o":{"a":0,"k":100,"ix":7},"sk":{"a":0,"k":0,"ix":4},"sa":{"a":0,"k":0,"ix":5},"nm":"Transform"}],"nm":"Shape 2","np":3,"cix":2,"bm":0,"ix":1,"mn":"ADBE Vector Group","hd":false},{"ty":"gr","it":[{"ind":0,"ty":"sh","ix":1,"ks":{"a":0,"k":{"i":[[0,0]],"o":[[0,0]],"v":[[374.506,272.653]],"c":false},"ix":2},"nm":"Path 1","mn":"ADBE Vector Shape - Group","hd":false},{"ty":"st","c":{"a":0,"k":[0.579999976065,1,0.913999968884,1],"ix":3},"o":{"a":0,"k":100,"ix":4},"w":{"a":0,"k":3,"ix":5},"lc":1,"lj":1,"ml":4,"bm":0,"nm":"Stroke 1","mn":"ADBE Vector Graphic - Stroke","hd":false},{"ty":"fl","c":{"a":0,"k":[0.966452026367,0.958886958104,0.958886958104,1],"ix":4},"o":{"a":0,"k":100,"ix":5},"r":1,"bm":0,"nm":"Fill 1","mn":"ADBE Vector Graphic - Fill","hd":false},{"ty":"tr","p":{"a":0,"k":[0,0],"ix":2},"a":{"a":0,"k":[0,0],"ix":1},"s":{"a":0,"k":[100,100],"ix":3},"r":{"a":0,"k":0,"ix":6},"o":{"a":0,"k":100,"ix":7},"sk":{"a":0,"k":0,"ix":4},"sa":{"a":0,"k":0,"ix":5},"nm":"Transform"}],"nm":"Shape 1","np":3,"cix":2,"bm":0,"ix":2,"mn":"ADBE Vector Group","hd":false},{"ty":"gr","it":[{"ind":0,"ty":"sh","ix":1,"ks":{"a":0,"k":{"i":[[3.67,-6.36],[3.991,-6.86],[7.83,-13.42],[9.58,-16.48],[7.29,-0.02],[18.009,0],[3.67,6.32],[3.9,6.72],[5.22,8.93],[6.46,11.04],[-3.889,6.43],[-3.16,5.47],[-6.73,11.73],[-7.34,0],[-3.539,0],[0,0],[-22.939,0.03],[-3.67,-6.36],[-3.739,-6.44],[-5.68,-9.76]],"o":[[-4.88,8.45],[-7.819,13.42],[-6.201,10.64],[-3.66,6.3],[-17.98,0.05],[-7.31,-0.01],[-7.841,-13.54],[-5.181,-8.95],[-5.94,-10.16],[-3.8,-6.48],[3.711,-6.15],[5.06,-8.74],[3.65,-6.37],[4.149,0],[0,0],[22.15,0],[7.33,-0.01],[4.15,7.18],[4.891,8.41],[3.689,6.35]],"v":[[118.73,-23.145],[103.129,3.825],[79.54,44.025],[48.94,97.425],[31.27,107.625],[-31.05,107.665],[-48.78,97.445],[-72.63,55.795],[-99.25,10.045],[-118.6,-23.125],[-118.451,-44.075],[-107.72,-62.105],[-87.49,-97.355],[-69.71,-107.655],[-57.871,-107.645],[-0.16,-107.645],[69.719,-107.665],[87.5,-97.415],[99.759,-76.255],[118.7,-43.685]],"c":true},"ix":2},"nm":"Path 1","mn":"ADBE Vector Shape - Group","hd":false},{"ty":"st","c":{"a":1,"k":[{"i":{"x":[0.833],"y":[0.833]},"o":{"x":[0.167],"y":[0.167]},"t":24,"s":[0.960784316063,0.674509823322,0.019607843831,1]},{"i":{"x":[0.833],"y":[0.833]},"o":{"x":[0.167],"y":[0.167]},"t":44,"s":[0.960784316063,0.674509823322,0.019607843831,1]},{"t":101,"s":[0.580392181873,1,0.913725495338,1]}],"ix":3},"o":{"a":0,"k":100,"ix":4},"w":{"a":0,"k":2,"ix":5},"lc":2,"lj":1,"ml":10,"bm":0,"nm":"Stroke 1","mn":"ADBE Vector Graphic - Stroke","hd":false},{"ty":"tr","p":{"a":0,"k":[176.13,157.375],"ix":2},"a":{"a":0,"k":[0,0],"ix":1},"s":{"a":0,"k":[100,100],"ix":3},"r":{"a":0,"k":0,"ix":6},"o":{"a":0,"k":100,"ix":7},"sk":{"a":0,"k":0,"ix":4},"sa":{"a":0,"k":0,"ix":5},"nm":"Transform"}],"nm":"Group 1","np":2,"cix":2,"bm":0,"ix":3,"mn":"ADBE Vector Group","hd":false},{"ty":"tm","s":{"a":1,"k":[{"i":{"x":[0.833],"y":[0.833]},"o":{"x":[0.167],"y":[0.167]},"t":20,"s":[0]},{"i":{"x":[0.833],"y":[0.833]},"o":{"x":[0.167],"y":[0.167]},"t":74,"s":[0]},{"t":78,"s":[9]}],"ix":1},"e":{"a":0,"k":9,"ix":2},"o":{"a":1,"k":[{"i":{"x":[0.833],"y":[0.833]},"o":{"x":[0.167],"y":[0.167]},"t":20,"s":[261]},{"t":51,"s":[26]}],"ix":3},"m":1,"ix":4,"nm":"Trim Paths 1","mn":"ADBE Vector Filter - Trim","hd":false}],"ip":0,"op":99,"st":-8,"bm":0}]},{"id":"comp_3","layers":[{"ddd":0,"ind":1,"ty":4,"nm":"Layer 12/dash Screen 2@2x Outlines","sr":1,"ks":{"o":{"a":0,"k":100,"ix":11},"r":{"a":0,"k":0,"ix":10},"p":{"a":0,"k":[269.5,248,0],"ix":2},"a":{"a":0,"k":[174,156,0],"ix":1},"s":{"a":0,"k":[100,100,100],"ix":6}},"ao":0,"ef":[{"ty":5,"nm":"Glow","np":16,"mn":"ADBE Glo2","ix":1,"en":1,"ef":[{"ty":7,"nm":"Glow Based On","mn":"ADBE Glo2-0001","ix":1,"v":{"a":0,"k":2,"ix":1}},{"ty":0,"nm":"Glow Threshold","mn":"ADBE Glo2-0002","ix":2,"v":{"a":0,"k":163,"ix":2}},{"ty":0,"nm":"Glow Radius","mn":"ADBE Glo2-0003","ix":3,"v":{"a":0,"k":19,"ix":3}},{"ty":0,"nm":"Glow Intensity","mn":"ADBE Glo2-0004","ix":4,"v":{"a":0,"k":1.09,"ix":4}},{"ty":7,"nm":"Composite Original","mn":"ADBE Glo2-0005","ix":5,"v":{"a":0,"k":2,"ix":5}},{"ty":7,"nm":"Glow Operation","mn":"ADBE Glo2-0006","ix":6,"v":{"a":0,"k":3,"ix":6}},{"ty":7,"nm":"Glow Colors","mn":"ADBE Glo2-0007","ix":7,"v":{"a":0,"k":1,"ix":7}},{"ty":7,"nm":"Color Looping","mn":"ADBE Glo2-0008","ix":8,"v":{"a":0,"k":3,"ix":8}},{"ty":0,"nm":"Color Loops","mn":"ADBE Glo2-0009","ix":9,"v":{"a":0,"k":1,"ix":9}},{"ty":0,"nm":"Color Phase","mn":"ADBE Glo2-0010","ix":10,"v":{"a":0,"k":0,"ix":10}},{"ty":0,"nm":"A & B Midpoint","mn":"ADBE Glo2-0011","ix":11,"v":{"a":0,"k":0.5,"ix":11}},{"ty":2,"nm":"Color A","mn":"ADBE Glo2-0012","ix":12,"v":{"a":0,"k":[1,1,1,0],"ix":12}},{"ty":2,"nm":"Color B","mn":"ADBE Glo2-0013","ix":13,"v":{"a":0,"k":[0,0,0,0],"ix":13}},{"ty":7,"nm":"Glow Dimensions","mn":"ADBE Glo2-0014","ix":14,"v":{"a":0,"k":1,"ix":14}}]}],"shapes":[{"ty":"gr","it":[{"ind":0,"ty":"sh","ix":1,"ks":{"a":0,"k":{"i":[[-5.221,-9.115],[-7.915,-13.819],[5.122,-9.01],[5.578,-9.721],[10.927,-19.011],[13.369,-23.344],[10.167,-0.028],[25.142,0.004],[5.118,8.959],[5.445,9.511],[7.29,12.651],[9.02,15.638],[-5.421,9.11],[-4.419,7.738],[-9.384,16.613],[-10.255,0.004],[-4.935,0],[0,0],[-32.018,0.051],[-5.119,-8.999]],"o":[[6.827,11.918],[5.152,8.993],[-6.805,11.967],[-10.915,19.017],[-8.658,15.061],[-5.109,8.922],[-25.098,0.07],[-10.204,-0.003],[-10.948,-19.167],[-7.23,-12.683],[-8.289,-14.395],[-5.299,-9.185],[5.185,-8.714],[7.068,-12.377],[5.098,-9.029],[5.793,-0.001],[0,0],[30.921,0],[10.238,-0.017],[5.787,10.174]],"v":[[139.239,-108.006],[165.667,-61.872],[165.714,-32.777],[143.933,5.421],[111.018,62.369],[68.31,137.999],[43.649,152.444],[-43.34,152.499],[-68.085,138.024],[-101.375,79.04],[-138.537,14.238],[-165.537,-32.747],[-165.334,-62.424],[-150.351,-87.958],[-122.121,-137.89],[-97.296,-152.484],[-80.775,-152.469],[-0.234,-152.469],[97.305,-152.496],[122.123,-137.982]],"c":true},"ix":2},"nm":"Path 1","mn":"ADBE Vector Shape - Group","hd":false},{"ty":"st","c":{"a":1,"k":[{"i":{"x":[0.833],"y":[0.833]},"o":{"x":[0.167],"y":[0.167]},"t":90,"s":[0.579999983311,1,0.913999974728,1]},{"i":{"x":[0.833],"y":[0.833]},"o":{"x":[0.167],"y":[0.167]},"t":114,"s":[0.579999983311,1,0.913999974728,1]},{"t":116,"s":[0.960784316063,0.674509823322,0.019607843831,1]}],"ix":3},"o":{"a":0,"k":100,"ix":4},"w":{"a":0,"k":3,"ix":5},"lc":2,"lj":1,"ml":4,"bm":0,"nm":"Stroke 1","mn":"ADBE Vector Graphic - Stroke","hd":false},{"ty":"tr","p":{"a":0,"k":[173.836,155.514],"ix":2},"a":{"a":0,"k":[0,0],"ix":1},"s":{"a":0,"k":[100,100],"ix":3},"r":{"a":0,"k":0,"ix":6},"o":{"a":0,"k":100,"ix":7},"sk":{"a":0,"k":0,"ix":4},"sa":{"a":0,"k":0,"ix":5},"nm":"Transform"}],"nm":"Group 1","np":2,"cix":2,"bm":0,"ix":1,"mn":"ADBE Vector Group","hd":false},{"ty":"tm","s":{"a":1,"k":[{"i":{"x":[0.833],"y":[0.833]},"o":{"x":[0.167],"y":[0.167]},"t":4,"s":[62]},{"t":21,"s":[93]}],"ix":1},"e":{"a":1,"k":[{"i":{"x":[0.833],"y":[0.833]},"o":{"x":[0.167],"y":[0.167]},"t":4,"s":[62]},{"t":21,"s":[14]}],"ix":2},"o":{"a":0,"k":0,"ix":3},"m":1,"ix":2,"nm":"Trim Paths 1","mn":"ADBE Vector Filter - Trim","hd":false}],"ip":0,"op":114,"st":-33,"bm":0},{"ddd":0,"ind":2,"ty":4,"nm":"logo Outlines 4","sr":1,"ks":{"o":{"a":0,"k":100,"ix":11},"r":{"a":0,"k":0,"ix":10},"p":{"a":0,"k":[280.5,258,0],"ix":2},"a":{"a":0,"k":[177,157,0],"ix":1},"s":{"a":0,"k":[169.699,172.939,100],"ix":6}},"ao":0,"ef":[{"ty":5,"nm":"Glow","np":16,"mn":"ADBE Glo2","ix":1,"en":1,"ef":[{"ty":7,"nm":"Glow Based On","mn":"ADBE Glo2-0001","ix":1,"v":{"a":0,"k":2,"ix":1}},{"ty":0,"nm":"Glow Threshold","mn":"ADBE Glo2-0002","ix":2,"v":{"a":0,"k":163,"ix":2}},{"ty":0,"nm":"Glow Radius","mn":"ADBE Glo2-0003","ix":3,"v":{"a":0,"k":19,"ix":3}},{"ty":0,"nm":"Glow Intensity","mn":"ADBE Glo2-0004","ix":4,"v":{"a":0,"k":1.09,"ix":4}},{"ty":7,"nm":"Composite Original","mn":"ADBE Glo2-0005","ix":5,"v":{"a":0,"k":2,"ix":5}},{"ty":7,"nm":"Glow Operation","mn":"ADBE Glo2-0006","ix":6,"v":{"a":0,"k":3,"ix":6}},{"ty":7,"nm":"Glow Colors","mn":"ADBE Glo2-0007","ix":7,"v":{"a":0,"k":1,"ix":7}},{"ty":7,"nm":"Color Looping","mn":"ADBE Glo2-0008","ix":8,"v":{"a":0,"k":3,"ix":8}},{"ty":0,"nm":"Color Loops","mn":"ADBE Glo2-0009","ix":9,"v":{"a":0,"k":1,"ix":9}},{"ty":0,"nm":"Color Phase","mn":"ADBE Glo2-0010","ix":10,"v":{"a":0,"k":0,"ix":10}},{"ty":0,"nm":"A & B Midpoint","mn":"ADBE Glo2-0011","ix":11,"v":{"a":0,"k":0.5,"ix":11}},{"ty":2,"nm":"Color A","mn":"ADBE Glo2-0012","ix":12,"v":{"a":0,"k":[1,1,1,0],"ix":12}},{"ty":2,"nm":"Color B","mn":"ADBE Glo2-0013","ix":13,"v":{"a":0,"k":[0,0,0,0],"ix":13}},{"ty":7,"nm":"Glow Dimensions","mn":"ADBE Glo2-0014","ix":14,"v":{"a":0,"k":1,"ix":14}}]}],"shapes":[{"ty":"gr","it":[{"ind":0,"ty":"sh","ix":1,"ks":{"a":0,"k":{"i":[[0,0]],"o":[[0,0]],"v":[[-59.6,410.297]],"c":false},"ix":2},"nm":"Path 1","mn":"ADBE Vector Shape - Group","hd":false},{"ty":"st","c":{"a":0,"k":[0.579999976065,1,0.913999968884,1],"ix":3},"o":{"a":0,"k":100,"ix":4},"w":{"a":0,"k":3,"ix":5},"lc":1,"lj":1,"ml":4,"bm":0,"nm":"Stroke 1","mn":"ADBE Vector Graphic - Stroke","hd":false},{"ty":"fl","c":{"a":0,"k":[0.966452026367,0.958886958104,0.958886958104,1],"ix":4},"o":{"a":0,"k":100,"ix":5},"r":1,"bm":0,"nm":"Fill 1","mn":"ADBE Vector Graphic - Fill","hd":false},{"ty":"tr","p":{"a":0,"k":[0,0],"ix":2},"a":{"a":0,"k":[0,0],"ix":1},"s":{"a":0,"k":[100,100],"ix":3},"r":{"a":0,"k":0,"ix":6},"o":{"a":0,"k":100,"ix":7},"sk":{"a":0,"k":0,"ix":4},"sa":{"a":0,"k":0,"ix":5},"nm":"Transform"}],"nm":"Shape 2","np":3,"cix":2,"bm":0,"ix":1,"mn":"ADBE Vector Group","hd":false},{"ty":"gr","it":[{"ind":0,"ty":"sh","ix":1,"ks":{"a":0,"k":{"i":[[0,0]],"o":[[0,0]],"v":[[374.506,272.653]],"c":false},"ix":2},"nm":"Path 1","mn":"ADBE Vector Shape - Group","hd":false},{"ty":"st","c":{"a":0,"k":[0.579999976065,1,0.913999968884,1],"ix":3},"o":{"a":0,"k":100,"ix":4},"w":{"a":0,"k":3,"ix":5},"lc":1,"lj":1,"ml":4,"bm":0,"nm":"Stroke 1","mn":"ADBE Vector Graphic - Stroke","hd":false},{"ty":"fl","c":{"a":0,"k":[0.966452026367,0.958886958104,0.958886958104,1],"ix":4},"o":{"a":0,"k":100,"ix":5},"r":1,"bm":0,"nm":"Fill 1","mn":"ADBE Vector Graphic - Fill","hd":false},{"ty":"tr","p":{"a":0,"k":[0,0],"ix":2},"a":{"a":0,"k":[0,0],"ix":1},"s":{"a":0,"k":[100,100],"ix":3},"r":{"a":0,"k":0,"ix":6},"o":{"a":0,"k":100,"ix":7},"sk":{"a":0,"k":0,"ix":4},"sa":{"a":0,"k":0,"ix":5},"nm":"Transform"}],"nm":"Shape 1","np":3,"cix":2,"bm":0,"ix":2,"mn":"ADBE Vector Group","hd":false},{"ty":"gr","it":[{"ind":0,"ty":"sh","ix":1,"ks":{"a":0,"k":{"i":[[3.67,-6.36],[3.991,-6.86],[7.83,-13.42],[9.58,-16.48],[7.29,-0.02],[18.009,0],[3.67,6.32],[3.9,6.72],[5.22,8.93],[6.46,11.04],[-3.889,6.43],[-3.16,5.47],[-6.73,11.73],[-7.34,0],[-3.539,0],[0,0],[-22.939,0.03],[-3.67,-6.36],[-3.739,-6.44],[-5.68,-9.76]],"o":[[-4.88,8.45],[-7.819,13.42],[-6.201,10.64],[-3.66,6.3],[-17.98,0.05],[-7.31,-0.01],[-7.841,-13.54],[-5.181,-8.95],[-5.94,-10.16],[-3.8,-6.48],[3.711,-6.15],[5.06,-8.74],[3.65,-6.37],[4.149,0],[0,0],[22.15,0],[7.33,-0.01],[4.15,7.18],[4.891,8.41],[3.689,6.35]],"v":[[118.73,-23.145],[103.129,3.825],[79.54,44.025],[48.94,97.425],[31.27,107.625],[-31.05,107.665],[-48.78,97.445],[-72.63,55.795],[-99.25,10.045],[-118.6,-23.125],[-118.451,-44.075],[-107.72,-62.105],[-87.49,-97.355],[-69.71,-107.655],[-57.871,-107.645],[-0.16,-107.645],[69.719,-107.665],[87.5,-97.415],[99.759,-76.255],[118.7,-43.685]],"c":true},"ix":2},"nm":"Path 1","mn":"ADBE Vector Shape - Group","hd":false},{"ty":"st","c":{"a":0,"k":[0.580392181873,1,0.913725495338,1],"ix":3},"o":{"a":0,"k":100,"ix":4},"w":{"a":0,"k":2,"ix":5},"lc":2,"lj":1,"ml":10,"bm":0,"nm":"Stroke 1","mn":"ADBE Vector Graphic - Stroke","hd":false},{"ty":"tr","p":{"a":0,"k":[176.13,157.375],"ix":2},"a":{"a":0,"k":[0,0],"ix":1},"s":{"a":0,"k":[100,100],"ix":3},"r":{"a":0,"k":0,"ix":6},"o":{"a":0,"k":100,"ix":7},"sk":{"a":0,"k":0,"ix":4},"sa":{"a":0,"k":0,"ix":5},"nm":"Transform"}],"nm":"Group 1","np":2,"cix":2,"bm":0,"ix":3,"mn":"ADBE Vector Group","hd":false},{"ty":"tm","s":{"a":1,"k":[{"i":{"x":[0.833],"y":[0.833]},"o":{"x":[0.167],"y":[0.167]},"t":20,"s":[0]},{"i":{"x":[0.833],"y":[0.833]},"o":{"x":[0.167],"y":[0.167]},"t":74,"s":[0]},{"t":78,"s":[9]}],"ix":1},"e":{"a":0,"k":9,"ix":2},"o":{"a":1,"k":[{"i":{"x":[0.833],"y":[0.833]},"o":{"x":[0.167],"y":[0.167]},"t":20,"s":[261]},{"t":51,"s":[26]}],"ix":3},"m":1,"ix":4,"nm":"Trim Paths 1","mn":"ADBE Vector Filter - Trim","hd":false}],"ip":0,"op":99,"st":-8,"bm":0}]}],"fonts":{"list":[{"fName":"TitilliumWeb-Regular","fFamily":"Titillium Web","fStyle":"Regular","ascent":71.7987060546875}]},"layers":[{"ddd":0,"ind":1,"ty":3,"nm":"Null 5","sr":1,"ks":{"o":{"a":0,"k":0,"ix":11},"r":{"a":0,"k":0,"ix":10},"p":{"a":0,"k":[180,444,0],"ix":2},"a":{"a":0,"k":[0,0,0],"ix":1},"s":{"a":0,"k":[64,64,100],"ix":6}},"ao":0,"ip":0,"op":235,"st":0,"bm":0},{"ddd":0,"ind":2,"ty":5,"nm":"Check your email address for data breaches.","sr":1,"ks":{"o":{"a":0,"k":60,"ix":11,"x":"var $bm_rt;\nvar result;\nresult = getAnimationComposerPresetValue();\nfunction getAnimationComposerPresetValue() {\n    var bL = thisLayer;\n    var tTrI = null;\n    var tTrO = null;\n    if (bL.marker.numKeys > 0) {\n        var acmp = 'zzzzzzzzzzzzzzz_AC';\n        for (var i = 1; i <= bL.marker.numKeys; i++) {\n            var m = bL.marker.key(i);\n            var p = m.parameters;\n            if (p.hasOwnProperty(acmp + 'MarkerEnabled') && p.hasOwnProperty(acmp + 'MarkerType') && p.hasOwnProperty(acmp + 'MarkerAppPresetType')) {\n                if (p[acmp + 'MarkerEnabled'] != '1') {\n                    continue;\n                }\n                switch (p[acmp + 'MarkerAppPresetType']) {\n                case '1': {\n                        tTrI = m.time;\n                        break;\n                    }\n                }\n            }\n        }\n    }\n    ;\n    function acValMul(val) {\n        acAccM *= val;\n    }\n    function easeInCubic(t) {\n        return $bm_mul($bm_mul(t, t), t);\n    }\n    function upACo(tIn, dIn, tOut, dOut, eFi, eFo) {\n        if (dIn < 0) {\n            dIn = 0;\n        }\n        if (dOut < 0) {\n            dOut = 0;\n        }\n        ac.fade = 1;\n        if (t < tOut) {\n            if (t < $bm_sum(tIn, dIn)) {\n                if (dIn == 0) {\n                    ac.fade = 0;\n                } else {\n                    ac.fade = $bm_div($bm_sub(t, tIn), dIn);\n                    if (ac.fade < 0) {\n                        ac.fade = 0;\n                    }\n                    if (ac.fade > 1) {\n                        ac.fade = 1;\n                    }\n                    if (eFi) {\n                        ac.fade = eFi(ac.fade);\n                    }\n                }\n            }\n        } else {\n            if (dOut == 0) {\n                ac.fade = 0;\n            } else {\n                ac.fade = $bm_div($bm_sub(t, tOut), dOut);\n                if (ac.fade < 0) {\n                    ac.fade = 0;\n                }\n                if (ac.fade > 1) {\n                    ac.fade = 1;\n                }\n                if (eFo) {\n                    ac.fade = eFo(ac.fade);\n                }\n                ac.fade = $bm_sub(1, ac.fade);\n            }\n        }\n        ac.intensity = 1;\n        ac.en = true;\n        ac.t = $bm_sub(t, tIn);\n    }\n    var ac = {};\n    ac.en = false;\n    var v = thisProperty.value;\n    var t = time;\n    var acAccM = 1;\n    ac.en = false;\n    if (tTrI !== null && t < tTrI) {\n        upACo(bL.inPoint, $bm_sub(tTrI, bL.inPoint), bL.outPoint, 0);\n        ac.fade = $bm_sub(1, ac.fade);\n    }\n    if (ac.en) {\n        acValMul($bm_sub(1, easeInCubic(ac.fade)));\n    }\n    v = thisProperty.value;\n    v *= acAccM;\n    return v;\n}\n$bm_rt = result;"},"r":{"a":0,"k":0,"ix":10},"p":{"a":0,"k":[34.5,128,0],"ix":2},"a":{"a":0,"k":[0,0,0],"ix":1},"s":{"a":0,"k":[100,100,100],"ix":6}},"ao":0,"t":{"d":{"k":[{"s":{"s":15,"f":"TitilliumWeb-Regular","t":"Check your email address for data breaches.","j":0,"tr":-11,"lh":18,"ls":0,"fc":[1,1,1]},"t":0}]},"p":{},"m":{"g":1,"a":{"a":0,"k":[0,0],"ix":2}},"a":[]},"ip":0,"op":235,"st":-42,"bm":0},{"ddd":0,"ind":3,"ty":5,"nm":"Check if you’re Safe","sr":1,"ks":{"o":{"a":0,"k":100,"ix":11,"x":"var $bm_rt;\nvar result;\nresult = getAnimationComposerPresetValue();\nfunction getAnimationComposerPresetValue() {\n    var bL = thisLayer;\n    var tTrI = null;\n    var tTrO = null;\n    if (bL.marker.numKeys > 0) {\n        var acmp = 'zzzzzzzzzzzzzzz_AC';\n        for (var i = 1; i <= bL.marker.numKeys; i++) {\n            var m = bL.marker.key(i);\n            var p = m.parameters;\n            if (p.hasOwnProperty(acmp + 'MarkerEnabled') && p.hasOwnProperty(acmp + 'MarkerType') && p.hasOwnProperty(acmp + 'MarkerAppPresetType')) {\n                if (p[acmp + 'MarkerEnabled'] != '1') {\n                    continue;\n                }\n                switch (p[acmp + 'MarkerAppPresetType']) {\n                case '1': {\n                        tTrI = m.time;\n                        break;\n                    }\n                }\n            }\n        }\n    }\n    ;\n    function acValMul(val) {\n        acAccM *= val;\n    }\n    function easeInCubic(t) {\n        return $bm_mul($bm_mul(t, t), t);\n    }\n    function upACo(tIn, dIn, tOut, dOut, eFi, eFo) {\n        if (dIn < 0) {\n            dIn = 0;\n        }\n        if (dOut < 0) {\n            dOut = 0;\n        }\n        ac.fade = 1;\n        if (t < tOut) {\n            if (t < $bm_sum(tIn, dIn)) {\n                if (dIn == 0) {\n                    ac.fade = 0;\n                } else {\n                    ac.fade = $bm_div($bm_sub(t, tIn), dIn);\n                    if (ac.fade < 0) {\n                        ac.fade = 0;\n                    }\n                    if (ac.fade > 1) {\n                        ac.fade = 1;\n                    }\n                    if (eFi) {\n                        ac.fade = eFi(ac.fade);\n                    }\n                }\n            }\n        } else {\n            if (dOut == 0) {\n                ac.fade = 0;\n            } else {\n                ac.fade = $bm_div($bm_sub(t, tOut), dOut);\n                if (ac.fade < 0) {\n                    ac.fade = 0;\n                }\n                if (ac.fade > 1) {\n                    ac.fade = 1;\n                }\n                if (eFo) {\n                    ac.fade = eFo(ac.fade);\n                }\n                ac.fade = $bm_sub(1, ac.fade);\n            }\n        }\n        ac.intensity = 1;\n        ac.en = true;\n        ac.t = $bm_sub(t, tIn);\n    }\n    var ac = {};\n    ac.en = false;\n    var v = thisProperty.value;\n    var t = time;\n    var acAccM = 1;\n    ac.en = false;\n    if (tTrI !== null && t < tTrI) {\n        upACo(bL.inPoint, $bm_sub(tTrI, bL.inPoint), bL.outPoint, 0);\n        ac.fade = $bm_sub(1, ac.fade);\n    }\n    if (ac.en) {\n        acValMul($bm_sub(1, easeInCubic(ac.fade)));\n    }\n    v = thisProperty.value;\n    v *= acAccM;\n    return v;\n}\n$bm_rt = result;"},"r":{"a":0,"k":0,"ix":10},"p":{"a":0,"k":[34.5,89,0],"ix":2},"a":{"a":0,"k":[0,0,0],"ix":1},"s":{"a":0,"k":[100,100,100],"ix":6}},"ao":0,"t":{"d":{"k":[{"s":{"s":24,"f":"TitilliumWeb-Regular","t":"Check if you’re Safe","j":0,"tr":-11,"lh":28.8,"ls":0,"fc":[1,1,1]},"t":0}]},"p":{},"m":{"g":1,"a":{"a":0,"k":[0,0],"ix":2}},"a":[]},"ip":0,"op":235,"st":-42,"bm":0},{"ddd":0,"ind":4,"ty":3,"nm":"Null 4","sr":1,"ks":{"o":{"a":0,"k":0,"ix":11},"r":{"a":0,"k":0,"ix":10},"p":{"a":0,"k":[183,444,0],"ix":2},"a":{"a":0,"k":[0,0,0],"ix":1},"s":{"a":0,"k":[75,75,100],"ix":6}},"ao":0,"ip":0,"op":235,"st":0,"bm":0},{"ddd":0,"ind":5,"ty":0,"nm":"Pre-comp 3","parent":4,"refId":"comp_0","sr":1,"ks":{"o":{"a":0,"k":100,"ix":11,"x":"var $bm_rt;\nvar result;\nresult = getAnimationComposerPresetValue();\nfunction getAnimationComposerPresetValue() {\n    var bL = thisLayer;\n    var tTrI = null;\n    var tTrO = null;\n    if (bL.marker.numKeys > 0) {\n        var acmp = 'zzzzzzzzzzzzzzz_AC';\n        for (var i = 1; i <= bL.marker.numKeys; i++) {\n            var m = bL.marker.key(i);\n            var p = m.parameters;\n            if (p.hasOwnProperty(acmp + 'MarkerEnabled') && p.hasOwnProperty(acmp + 'MarkerType') && p.hasOwnProperty(acmp + 'MarkerAppPresetType')) {\n                if (p[acmp + 'MarkerEnabled'] != '1') {\n                    continue;\n                }\n                switch (p[acmp + 'MarkerAppPresetType']) {\n                case '1': {\n                        tTrI = m.time;\n                        break;\n                    }\n                }\n            }\n        }\n    }\n    ;\n    function acValMul(val) {\n        acAccM *= val;\n    }\n    function easeInCubic(t) {\n        return $bm_mul($bm_mul(t, t), t);\n    }\n    function upACo(tIn, dIn, tOut, dOut, eFi, eFo) {\n        if (dIn < 0) {\n            dIn = 0;\n        }\n        if (dOut < 0) {\n            dOut = 0;\n        }\n        ac.fade = 1;\n        if (t < tOut) {\n            if (t < $bm_sum(tIn, dIn)) {\n                if (dIn == 0) {\n                    ac.fade = 0;\n                } else {\n                    ac.fade = $bm_div($bm_sub(t, tIn), dIn);\n                    if (ac.fade < 0) {\n                        ac.fade = 0;\n                    }\n                    if (ac.fade > 1) {\n                        ac.fade = 1;\n                    }\n                    if (eFi) {\n                        ac.fade = eFi(ac.fade);\n                    }\n                }\n            }\n        } else {\n            if (dOut == 0) {\n                ac.fade = 0;\n            } else {\n                ac.fade = $bm_div($bm_sub(t, tOut), dOut);\n                if (ac.fade < 0) {\n                    ac.fade = 0;\n                }\n                if (ac.fade > 1) {\n                    ac.fade = 1;\n                }\n                if (eFo) {\n                    ac.fade = eFo(ac.fade);\n                }\n                ac.fade = $bm_sub(1, ac.fade);\n            }\n        }\n        ac.intensity = 1;\n        ac.en = true;\n        ac.t = $bm_sub(t, tIn);\n    }\n    var ac = {};\n    ac.en = false;\n    var v = thisProperty.value;\n    var t = time;\n    var acAccM = 1;\n    ac.en = false;\n    if (tTrI !== null && t < tTrI) {\n        upACo(bL.inPoint, $bm_sub(tTrI, bL.inPoint), bL.outPoint, 0);\n        ac.fade = $bm_sub(1, ac.fade);\n    }\n    if (ac.en) {\n        acValMul($bm_sub(1, easeInCubic(ac.fade)));\n    }\n    v = thisProperty.value;\n    v *= acAccM;\n    return v;\n}\n$bm_rt = result;"},"r":{"a":0,"k":0,"ix":10},"p":{"a":0,"k":[-3.397,-17,0],"ix":2},"a":{"a":0,"k":[187.5,406,0],"ix":1},"s":{"a":0,"k":[78.667,78.667,100],"ix":6}},"ao":0,"hasMask":true,"masksProperties":[{"inv":false,"mode":"a","pt":{"a":0,"k":{"i":[[21.094,0],[11.523,-8.008],[0,-6.641],[0,0],[0,0],[0.391,-8.594],[-5.078,-4.688],[-4.688,0],[0,0],[-21.094,0.391],[-7.422,6.641],[0,0],[0,0],[0.195,7.422],[1.758,3.125],[4.688,2.344],[4.492,0],[4.232,0.211],[4.429,-4.481],[1.172,-5.469],[5.859,-0.781],[0,0],[4.101,0],[8.984,0],[2.734,3.906],[0.391,4.492],[0,0]],"o":[[-21.094,0],[-11.523,8.008],[0,6.641],[0,0],[0,0],[-0.391,8.594],[5.078,4.688],[4.688,0],[0,0],[21.094,-0.391],[7.422,-6.641],[0,0],[0,0],[-0.195,-7.422],[-1.758,-3.125],[-4.688,-2.344],[-4.492,0],[-1.356,-0.068],[-1.181,1.195],[-1.172,5.469],[-5.859,0.781],[0,0],[-4.102,0],[-8.093,0],[-2.381,-3.402],[-0.391,-4.492],[0,0]],"v":[[53.906,20.258],[17.969,27.68],[8.398,63.422],[8.594,122.211],[8.594,663.812],[9.375,763.031],[19.141,783.344],[37.5,790.766],[198.828,790.766],[331.641,790.766],[357.812,782.562],[364.844,761.078],[364.453,346.234],[365.82,48.383],[360.547,34.125],[348.633,23.383],[337.323,19.51],[301.602,19.456],[287.724,22.682],[283.984,33.344],[268.945,47.211],[250.391,47.797],[135.156,47.992],[109.18,47.992],[95.117,40.375],[88.281,26.312],[84.375,20.062]],"c":true},"ix":1},"o":{"a":0,"k":100,"ix":3},"x":{"a":0,"k":0,"ix":4},"nm":"Mask 1"}],"w":375,"h":812,"ip":0,"op":293,"st":0,"bm":0},{"ddd":0,"ind":6,"ty":2,"nm":"object/89355 [Converted].ai","cl":"ai","parent":4,"refId":"image_3","sr":1,"ks":{"o":{"a":0,"k":100,"ix":11,"x":"var $bm_rt;\nvar result;\nresult = getAnimationComposerPresetValue();\nfunction getAnimationComposerPresetValue() {\n    var bL = thisLayer;\n    var tTrI = null;\n    var tTrO = null;\n    if (bL.marker.numKeys > 0) {\n        var acmp = 'zzzzzzzzzzzzzzz_AC';\n        for (var i = 1; i <= bL.marker.numKeys; i++) {\n            var m = bL.marker.key(i);\n            var p = m.parameters;\n            if (p.hasOwnProperty(acmp + 'MarkerEnabled') && p.hasOwnProperty(acmp + 'MarkerType') && p.hasOwnProperty(acmp + 'MarkerAppPresetType')) {\n                if (p[acmp + 'MarkerEnabled'] != '1') {\n                    continue;\n                }\n                switch (p[acmp + 'MarkerAppPresetType']) {\n                case '1': {\n                        tTrI = m.time;\n                        break;\n                    }\n                }\n            }\n        }\n    }\n    ;\n    function acValMul(val) {\n        acAccM *= val;\n    }\n    function easeInCubic(t) {\n        return $bm_mul($bm_mul(t, t), t);\n    }\n    function upACo(tIn, dIn, tOut, dOut, eFi, eFo) {\n        if (dIn < 0) {\n            dIn = 0;\n        }\n        if (dOut < 0) {\n            dOut = 0;\n        }\n        ac.fade = 1;\n        if (t < tOut) {\n            if (t < $bm_sum(tIn, dIn)) {\n                if (dIn == 0) {\n                    ac.fade = 0;\n                } else {\n                    ac.fade = $bm_div($bm_sub(t, tIn), dIn);\n                    if (ac.fade < 0) {\n                        ac.fade = 0;\n                    }\n                    if (ac.fade > 1) {\n                        ac.fade = 1;\n                    }\n                    if (eFi) {\n                        ac.fade = eFi(ac.fade);\n                    }\n                }\n            }\n        } else {\n            if (dOut == 0) {\n                ac.fade = 0;\n            } else {\n                ac.fade = $bm_div($bm_sub(t, tOut), dOut);\n                if (ac.fade < 0) {\n                    ac.fade = 0;\n                }\n                if (ac.fade > 1) {\n                    ac.fade = 1;\n                }\n                if (eFo) {\n                    ac.fade = eFo(ac.fade);\n                }\n                ac.fade = $bm_sub(1, ac.fade);\n            }\n        }\n        ac.intensity = 1;\n        ac.en = true;\n        ac.t = $bm_sub(t, tIn);\n    }\n    var ac = {};\n    ac.en = false;\n    var v = thisProperty.value;\n    var t = time;\n    var acAccM = 1;\n    ac.en = false;\n    if (tTrI !== null && t < tTrI) {\n        upACo(bL.inPoint, $bm_sub(tTrI, bL.inPoint), bL.outPoint, 0);\n        ac.fade = $bm_sub(1, ac.fade);\n    }\n    if (ac.en) {\n        acValMul($bm_sub(1, easeInCubic(ac.fade)));\n    }\n    v = thisProperty.value;\n    v *= acAccM;\n    return v;\n}\n$bm_rt = result;"},"r":{"a":0,"k":0,"ix":10},"p":{"a":0,"k":[-3.442,-17.067,0],"ix":2},"a":{"a":0,"k":[130.5,263,0],"ix":1},"s":{"a":0,"k":[122.917,122.917,100],"ix":6}},"ao":0,"ip":0,"op":235,"st":0,"bm":0},{"ddd":0,"ind":7,"ty":2,"nm":"shadow/89355 [Converted].ai","cl":"ai","parent":4,"refId":"image_4","sr":1,"ks":{"o":{"a":0,"k":100,"ix":11,"x":"var $bm_rt;\nvar result;\nresult = getAnimationComposerPresetValue();\nfunction getAnimationComposerPresetValue() {\n    var bL = thisLayer;\n    var tTrI = null;\n    var tTrO = null;\n    if (bL.marker.numKeys > 0) {\n        var acmp = 'zzzzzzzzzzzzzzz_AC';\n        for (var i = 1; i <= bL.marker.numKeys; i++) {\n            var m = bL.marker.key(i);\n            var p = m.parameters;\n            if (p.hasOwnProperty(acmp + 'MarkerEnabled') && p.hasOwnProperty(acmp + 'MarkerType') && p.hasOwnProperty(acmp + 'MarkerAppPresetType')) {\n                if (p[acmp + 'MarkerEnabled'] != '1') {\n                    continue;\n                }\n                switch (p[acmp + 'MarkerAppPresetType']) {\n                case '1': {\n                        tTrI = m.time;\n                        break;\n                    }\n                }\n            }\n        }\n    }\n    ;\n    function acValMul(val) {\n        acAccM *= val;\n    }\n    function easeInCubic(t) {\n        return $bm_mul($bm_mul(t, t), t);\n    }\n    function upACo(tIn, dIn, tOut, dOut, eFi, eFo) {\n        if (dIn < 0) {\n            dIn = 0;\n        }\n        if (dOut < 0) {\n            dOut = 0;\n        }\n        ac.fade = 1;\n        if (t < tOut) {\n            if (t < $bm_sum(tIn, dIn)) {\n                if (dIn == 0) {\n                    ac.fade = 0;\n                } else {\n                    ac.fade = $bm_div($bm_sub(t, tIn), dIn);\n                    if (ac.fade < 0) {\n                        ac.fade = 0;\n                    }\n                    if (ac.fade > 1) {\n                        ac.fade = 1;\n                    }\n                    if (eFi) {\n                        ac.fade = eFi(ac.fade);\n                    }\n                }\n            }\n        } else {\n            if (dOut == 0) {\n                ac.fade = 0;\n            } else {\n                ac.fade = $bm_div($bm_sub(t, tOut), dOut);\n                if (ac.fade < 0) {\n                    ac.fade = 0;\n                }\n                if (ac.fade > 1) {\n                    ac.fade = 1;\n                }\n                if (eFo) {\n                    ac.fade = eFo(ac.fade);\n                }\n                ac.fade = $bm_sub(1, ac.fade);\n            }\n        }\n        ac.intensity = 1;\n        ac.en = true;\n        ac.t = $bm_sub(t, tIn);\n    }\n    var ac = {};\n    ac.en = false;\n    var v = thisProperty.value;\n    var t = time;\n    var acAccM = 1;\n    ac.en = false;\n    if (tTrI !== null && t < tTrI) {\n        upACo(bL.inPoint, $bm_sub(tTrI, bL.inPoint), bL.outPoint, 0);\n        ac.fade = $bm_sub(1, ac.fade);\n    }\n    if (ac.en) {\n        acValMul($bm_sub(1, easeInCubic(ac.fade)));\n    }\n    v = thisProperty.value;\n    v *= acAccM;\n    return v;\n}\n$bm_rt = result;"},"r":{"a":0,"k":0,"ix":10},"p":{"a":0,"k":[-1.18,-7.627,0],"ix":2},"a":{"a":0,"k":[136.5,269.5,0],"ix":1},"s":{"a":0,"k":[122.917,122.917,100],"ix":6}},"ao":0,"ip":0,"op":235,"st":0,"bm":0}],"markers":[],"chars":[{"ch":"E","size":14,"style":"Regular","w":55.3,"data":{"shapes":[{"ty":"gr","it":[{"ind":0,"ty":"sh","ix":1,"ks":{"a":0,"k":{"i":[[0,0],[0,0],[0,0],[0,0],[0,0],[0,0],[0,0],[0,0],[0,0],[0,0],[0,0],[0,0]],"o":[[0,0],[0,0],[0,0],[0,0],[0,0],[0,0],[0,0],[0,0],[0,0],[0,0],[0,0],[0,0]],"v":[[50.6,0],[50.6,-6.8],[16.2,-6.8],[16.2,-31.8],[44.6,-31.8],[44.6,-38.5],[16.2,-38.5],[16.2,-62.4],[50.6,-62.4],[50.6,-69.2],[8.5,-69.2],[8.5,0]],"c":true},"ix":2},"nm":"E","mn":"ADBE Vector Shape - Group","hd":false}],"nm":"E","np":3,"cix":2,"bm":0,"ix":1,"mn":"ADBE Vector Group","hd":false}]},"fFamily":"Titillium Web"},{"ch":"n","size":14,"style":"Regular","w":53.7,"data":{"shapes":[{"ty":"gr","it":[{"ind":0,"ty":"sh","ix":1,"ks":{"a":0,"k":{"i":[[0,0],[0,0],[-2.367,0.634],[-2.134,0],[-1.367,-2.566],[0,-6.933],[0,0],[0,0],[0,0],[2.3,3.6],[6.666,0],[5.4,-3],[0,0],[0,0],[0,0],[0,0]],"o":[[0,0],[1.266,-0.6],[2.366,-0.633],[4.466,0],[1.366,2.567],[0,0],[0,0],[0,0],[0,-9.2],[-2.3,-3.6],[-4.934,0],[0,0],[0,0],[0,0],[0,0],[0,0]],"v":[[14.7,-40.6],[16.6,-41.5],[22.05,-43.35],[28.8,-44.3],[37.55,-40.45],[39.6,-26.2],[39.6,0],[47,0],[47,-26.4],[43.55,-45.6],[30.1,-51],[14.6,-46.5],[14.6,-50],[7.2,-50],[7.2,0],[14.7,0]],"c":true},"ix":2},"nm":"n","mn":"ADBE Vector Shape - Group","hd":false}],"nm":"n","np":3,"cix":2,"bm":0,"ix":1,"mn":"ADBE Vector Group","hd":false}]},"fFamily":"Titillium Web"},{"ch":"t","size":14,"style":"Regular","w":35.1,"data":{"shapes":[{"ty":"gr","it":[{"ind":0,"ty":"sh","ix":1,"ks":{"a":0,"k":{"i":[[0,0],[0,0],[0,0],[0,0],[0,0],[0,0],[0,0],[0,0],[0,0],[-2,-2.533],[-5.2,0],[-4.467,0.733],[0,0],[0,0],[0.833,1.8],[0,5.734],[0,0],[0,0]],"o":[[0,0],[0,0],[0,0],[0,0],[0,0],[0,0],[0,0],[0,0],[0,7.134],[2,2.534],[2.333,0],[0,0],[0,0],[-3.134,0],[-0.834,-1.8],[0,0],[0,0],[0,0]],"v":[[33.1,-50],[17.2,-50],[17.2,-65.3],[9.8,-65.3],[9.8,-50],[2.7,-50],[2.7,-43.5],[9.8,-43.5],[9.8,-17.2],[12.8,-2.7],[23.6,1.1],[33.8,0],[33.3,-6.2],[24.4,-5.6],[18.45,-8.3],[17.2,-19.6],[17.2,-43.5],[33.1,-43.5]],"c":true},"ix":2},"nm":"t","mn":"ADBE Vector Shape - Group","hd":false}],"nm":"t","np":3,"cix":2,"bm":0,"ix":1,"mn":"ADBE Vector Group","hd":false}]},"fFamily":"Titillium Web"},{"ch":"e","size":14,"style":"Regular","w":50.5,"data":{"shapes":[{"ty":"gr","it":[{"ind":0,"ty":"sh","ix":1,"ks":{"a":0,"k":{"i":[[4.966,0],[2,2.667],[0,5.534],[0,0],[0,0],[3.333,3.767],[6.733,0],[0,-17.533],[-3,-4.166],[-7.2,0],[-7.6,1.066],[0,0],[0,0]],"o":[[-4.967,0],[-2,-2.666],[0,0],[0,0],[0,-8.066],[-3.334,-3.766],[-13.934,0],[0,8.8],[3,4.167],[5.4,0],[0,0],[0,0],[-5.134,0.4]],"v":[[26.05,-5.6],[15.6,-9.6],[12.6,-21.9],[45.6,-21.9],[46,-27.6],[41,-45.35],[25.9,-51],[5,-24.7],[9.5,-5.25],[24.8,1],[44.3,-0.6],[44.1,-6.5],[41.2,-6.2]],"c":true},"ix":2},"nm":"e","mn":"ADBE Vector Shape - Group","hd":false},{"ind":1,"ty":"sh","ix":2,"ks":{"a":0,"k":{"i":[[0,0],[-2.234,2.667],[-4.434,0],[-1.967,-2.533],[0,-6.133]],"o":[[0.066,-5.866],[2.233,-2.666],[4.433,0],[1.966,2.534],[0,0]],"v":[[12.5,-27.9],[15.95,-40.7],[25.95,-44.7],[35.55,-40.9],[38.5,-27.9]],"c":true},"ix":2},"nm":"e","mn":"ADBE Vector Shape - Group","hd":false}],"nm":"e","np":5,"cix":2,"bm":0,"ix":1,"mn":"ADBE Vector Group","hd":false}]},"fFamily":"Titillium Web"},{"ch":"r","size":14,"style":"Regular","w":34.6,"data":{"shapes":[{"ty":"gr","it":[{"ind":0,"ty":"sh","ix":1,"ks":{"a":0,"k":{"i":[[0,0],[0,0],[0,0],[-3.034,1.134],[-2.8,0.534],[0,0],[5.8,-4],[0,0],[0,0],[0,0]],"o":[[0,0],[0,0],[1.6,-0.866],[3.033,-1.133],[0,0],[-6.4,1.267],[0,0],[0,0],[0,0],[0,0]],"v":[[14.7,0],[14.7,-36.7],[17.2,-38],[24.15,-41],[32.9,-43.5],[32.9,-51.1],[14.6,-43.2],[14.6,-50],[7.2,-50],[7.2,0]],"c":true},"ix":2},"nm":"r","mn":"ADBE Vector Shape - Group","hd":false}],"nm":"r","np":3,"cix":2,"bm":0,"ix":1,"mn":"ADBE Vector Group","hd":false}]},"fFamily":"Titillium Web"},{"ch":" ","size":14,"style":"Regular","w":22,"data":{},"fFamily":"Titillium Web"},{"ch":"y","size":14,"style":"Regular","w":48.3,"data":{"shapes":[{"ty":"gr","it":[{"ind":0,"ty":"sh","ix":1,"ks":{"a":0,"k":{"i":[[0,0],[0,0],[0,0],[0,0],[0,0],[0,0],[0,0],[0,0],[0,0],[0,0]],"o":[[0,0],[0,0],[0,0],[0,0],[0,0],[0,0],[0,0],[0,0],[0,0],[0,0]],"v":[[16.7,0],[24.1,0],[17.6,22.2],[25.1,22.2],[45.9,-50],[38.4,-50],[25.8,-6.5],[22.5,-6.5],[10,-50],[2.5,-50]],"c":true},"ix":2},"nm":"y","mn":"ADBE Vector Shape - Group","hd":false}],"nm":"y","np":3,"cix":2,"bm":0,"ix":1,"mn":"ADBE Vector Group","hd":false}]},"fFamily":"Titillium Web"},{"ch":"o","size":14,"style":"Regular","w":52.8,"data":{"shapes":[{"ty":"gr","it":[{"ind":0,"ty":"sh","ix":1,"ks":{"a":0,"k":{"i":[[-3.067,-4.133],[-8.134,0],[-3.067,4.134],[0,9.134],[3.233,4.067],[7.766,0],[3.266,-4.066],[0,-9.133]],"o":[[3.066,4.134],[8.133,0],[3.066,-4.133],[0,-9.133],[-3.234,-4.066],[-7.767,0],[-3.267,4.067],[0,9.134]],"v":[[9.6,-5.2],[26.4,1],[43.2,-5.2],[47.8,-25.1],[42.95,-44.9],[26.45,-51],[9.9,-44.9],[5,-25.1]],"c":true},"ix":2},"nm":"o","mn":"ADBE Vector Shape - Group","hd":false},{"ind":1,"ty":"sh","ix":2,"ks":{"a":0,"k":{"i":[[-1.967,2.767],[-5.234,0],[-1.934,-2.766],[0,-7.333],[1.733,-2.9],[5.633,0],[1.766,2.934],[0,7.3]],"o":[[1.966,-2.766],[5.233,0],[1.933,2.767],[0,7.334],[-1.734,2.9],[-5.634,0],[-1.767,-2.933],[0,-7.3]],"v":[[15.65,-40.35],[26.45,-44.5],[37.2,-40.35],[40.1,-25.2],[37.5,-9.85],[26.45,-5.5],[15.35,-9.9],[12.7,-25.25]],"c":true},"ix":2},"nm":"o","mn":"ADBE Vector Shape - Group","hd":false}],"nm":"o","np":5,"cix":2,"bm":0,"ix":1,"mn":"ADBE Vector Group","hd":false}]},"fFamily":"Titillium Web"},{"ch":"u","size":14,"style":"Regular","w":53.1,"data":{"shapes":[{"ty":"gr","it":[{"ind":0,"ty":"sh","ix":1,"ks":{"a":0,"k":{"i":[[0,0],[0,0],[2.266,-0.633],[2.2,0],[1.266,2.467],[0,7.267],[0,0],[0,0],[0,0],[-2.234,-3.533],[-6.8,0],[-5,3],[0,0],[0,0],[0,0],[0,0]],"o":[[0,0],[-1.2,0.6],[-2.267,0.634],[-4.467,0],[-1.267,-2.466],[0,0],[0,0],[0,0],[0,9.534],[2.233,3.534],[4.866,0],[0,0],[0,0],[0,0],[0,0],[0,0]],"v":[[38.4,-9.4],[36.6,-8.5],[31.4,-6.65],[24.7,-5.7],[16.1,-9.4],[14.2,-24],[14.2,-50],[6.7,-50],[6.7,-23.9],[10.05,-4.3],[23.6,1],[38.4,-3.5],[38.4,0],[45.9,0],[45.9,-50],[38.4,-50]],"c":true},"ix":2},"nm":"u","mn":"ADBE Vector Shape - Group","hd":false}],"nm":"u","np":3,"cix":2,"bm":0,"ix":1,"mn":"ADBE Vector Group","hd":false}]},"fFamily":"Titillium Web"},{"ch":"m","size":14,"style":"Regular","w":83.6,"data":{"shapes":[{"ty":"gr","it":[{"ind":0,"ty":"sh","ix":1,"ks":{"a":0,"k":{"i":[[0,0],[0,0],[-2.234,0.634],[-2.134,0],[-1.3,-2.566],[0,-7.2],[0,0],[0,0],[0,0],[0.866,2.2],[0,0],[-2.334,0.634],[-2.2,0],[-1.334,-2.566],[0,-6.933],[0,0],[0,0],[0,0],[2.3,3.567],[6.666,0],[3.5,-1.033],[2.2,-1.333],[6.2,0],[5,-3],[0,0],[0,0],[0,0],[0,0]],"o":[[0,0],[1.2,-0.6],[2.233,-0.633],[4.4,0],[1.3,2.567],[0,0],[0,0],[0,0],[0,-7.533],[0,0],[1.266,-0.6],[2.333,-0.633],[4.333,0],[1.333,2.567],[0,0],[0,0],[0,0],[0,-9.266],[-2.3,-3.566],[-2.667,0],[-3.5,1.034],[-2.467,-3.4],[-4.734,0],[0,0],[0,0],[0,0],[0,0],[0,0]],"v":[[14.7,-40.6],[16.4,-41.5],[21.55,-43.35],[28.1,-44.3],[36.65,-40.45],[38.6,-25.8],[38.6,0],[46.1,0],[46.1,-26],[44.8,-40.6],[46.7,-41.5],[52.1,-43.35],[58.9,-44.3],[67.4,-40.45],[69.4,-26.2],[69.4,0],[76.9,0],[76.9,-26.4],[73.45,-45.65],[60,-51],[50.75,-49.45],[42.2,-45.9],[29.2,-51],[14.6,-46.5],[14.6,-50],[7.2,-50],[7.2,0],[14.7,0]],"c":true},"ix":2},"nm":"m","mn":"ADBE Vector Shape - Group","hd":false}],"nm":"m","np":3,"cix":2,"bm":0,"ix":1,"mn":"ADBE Vector Group","hd":false}]},"fFamily":"Titillium Web"},{"ch":"a","size":14,"style":"Regular","w":50.1,"data":{"shapes":[{"ty":"gr","it":[{"ind":0,"ty":"sh","ix":1,"ks":{"a":0,"k":{"i":[[2.566,2.6],[5.666,0],[7.333,-1.466],[0,0],[0,0],[-5.334,0],[-1.467,-1.466],[0,-3.4],[0,0],[0,0],[2.466,-2.3],[0,-4.866],[-2.4,-2.6],[-4.6,0],[-6,2.667],[-5.267,0],[0,0],[0.2,2.467],[0,0]],"o":[[-2.567,-2.6],[-5.667,0],[0,0],[0,0],[5.733,-0.666],[2.533,0],[1.466,1.467],[0,0],[0,0],[-5.267,0.534],[-2.467,2.3],[0,4.867],[2.4,2.6],[6,0],[2.666,2.667],[0,0],[-3.667,-0.466],[0,0],[0,-5.533]],"v":[[38.65,-47.1],[26.3,-51],[6.8,-48.8],[7.1,-43.1],[10.2,-43.4],[26.8,-44.4],[32.8,-42.2],[35,-34.9],[35,-30.6],[19.3,-29.1],[7.7,-24.85],[4,-14.1],[7.6,-2.9],[18.1,1],[36.1,-3],[48,1],[48.3,-4.9],[42.5,-9.3],[42.5,-34.9]],"c":true},"ix":2},"nm":"a","mn":"ADBE Vector Shape - Group","hd":false},{"ind":1,"ty":"sh","ix":2,"ks":{"a":0,"k":{"i":[[-1.334,1.467],[-3,0.267],[0,0],[0,0],[0,0],[4.533,0],[0,6.134]],"o":[[1.333,-1.466],[0,0],[0,0],[0,0],[-4.4,1.534],[-5.067,0],[0,-2.8]],"v":[[13.7,-20.9],[20.2,-23.5],[35,-24.9],[35,-8.4],[32.7,-7.6],[19.3,-5.3],[11.7,-14.5]],"c":true},"ix":2},"nm":"a","mn":"ADBE Vector Shape - Group","hd":false}],"nm":"a","np":5,"cix":2,"bm":0,"ix":1,"mn":"ADBE Vector Group","hd":false}]},"fFamily":"Titillium Web"},{"ch":"i","size":14,"style":"Regular","w":21.9,"data":{"shapes":[{"ty":"gr","it":[{"ind":0,"ty":"sh","ix":1,"ks":{"a":0,"k":{"i":[[0,0],[0,0],[0,0],[0,0]],"o":[[0,0],[0,0],[0,0],[0,0]],"v":[[14.7,0],[14.7,-50],[7.2,-50],[7.2,0]],"c":true},"ix":2},"nm":"i","mn":"ADBE Vector Shape - Group","hd":false},{"ind":1,"ty":"sh","ix":2,"ks":{"a":0,"k":{"i":[[0,0],[0,0],[0,0],[0,0]],"o":[[0,0],[0,0],[0,0],[0,0]],"v":[[14.7,-61.3],[14.7,-70],[7.2,-70],[7.2,-61.3]],"c":true},"ix":2},"nm":"i","mn":"ADBE Vector Shape - Group","hd":false}],"nm":"i","np":5,"cix":2,"bm":0,"ix":1,"mn":"ADBE Vector Group","hd":false}]},"fFamily":"Titillium Web"},{"ch":"l","size":14,"style":"Regular","w":23.1,"data":{"shapes":[{"ty":"gr","it":[{"ind":0,"ty":"sh","ix":1,"ks":{"a":0,"k":{"i":[[0,0],[0,0],[0,0],[0,0]],"o":[[0,0],[0,0],[0,0],[0,0]],"v":[[15.3,0],[15.3,-71.8],[7.8,-71.8],[7.8,0]],"c":true},"ix":2},"nm":"l","mn":"ADBE Vector Shape - Group","hd":false}],"nm":"l","np":3,"cix":2,"bm":0,"ix":1,"mn":"ADBE Vector Group","hd":false}]},"fFamily":"Titillium Web"},{"ch":"d","size":14,"style":"Regular","w":52.9,"data":{"shapes":[{"ty":"gr","it":[{"ind":0,"ty":"sh","ix":1,"ks":{"a":0,"k":{"i":[[0,0],[0,0],[3.866,0],[3.233,-4.3],[0,-9.7],[-3.6,-3.6],[-2,-0.666],[-2.667,0],[-5.134,2.934],[0,0],[0,0],[0,0]],"o":[[0,0],[-4.334,-0.866],[-7.467,0],[-3.234,4.3],[0,9.7],[1.733,1.734],[2,0.666],[5,0],[0,0],[0,0],[0,0],[0,0]],"v":[[38.2,-71.8],[38.2,-49.7],[25.9,-51],[9.85,-44.55],[5,-23.55],[10.4,-3.6],[16,0],[23,1],[38.2,-3.4],[38.2,0],[45.6,0],[45.6,-71.8]],"c":true},"ix":2},"nm":"d","mn":"ADBE Vector Shape - Group","hd":false},{"ind":1,"ty":"sh","ix":2,"ks":{"a":0,"k":{"i":[[1.066,1.267],[0,7.734],[-2,3.234],[-5.067,0],[-4.267,-0.8],[0,0],[0,0],[2.366,-0.633],[1.9,0],[1.2,0.467]],"o":[[-2.334,-2.666],[0,-6.8],[2,-3.233],[3.666,0],[0,0],[0,0],[-1.334,0.6],[-2.367,0.634],[-1.9,0],[-1.2,-0.466]],"v":[[16.2,-9],[12.7,-24.6],[15.7,-39.65],[26.3,-44.5],[38.2,-43.3],[38.2,-9.4],[36.2,-8.5],[30.65,-6.65],[24.25,-5.7],[19.6,-6.4]],"c":true},"ix":2},"nm":"d","mn":"ADBE Vector Shape - Group","hd":false}],"nm":"d","np":5,"cix":2,"bm":0,"ix":1,"mn":"ADBE Vector Group","hd":false}]},"fFamily":"Titillium Web"},{"ch":"s","size":14,"style":"Regular","w":46.5,"data":{"shapes":[{"ty":"gr","it":[{"ind":0,"ty":"sh","ix":1,"ks":{"a":0,"k":{"i":[[-7.4,-1.066],[0,0],[0,0],[4.066,0],[3.433,-2.333],[0,-4.866],[-2.467,-1.8],[-5.867,-0.933],[-1.734,-1.033],[0,-2.9],[2.033,-1.233],[3.866,0],[7.6,1.134],[0,0],[0,0],[-4.134,0],[-3.3,2.4],[0,5.134],[2.466,1.867],[5.933,1.034],[1.666,0.967],[0,2.334],[-7.267,0]],"o":[[0,0],[0,0],[-6.134,-0.933],[-5.134,0],[-3.434,2.334],[0,4.867],[2.466,1.8],[5.866,0.934],[1.733,1.034],[0,2.9],[-2.034,1.234],[-3.867,0],[0,0],[0,0],[5.6,0.933],[6.333,0],[3.3,-2.4],[0,-5.133],[-2.467,-1.866],[-5.934,-1.033],[-1.667,-0.966],[0,-5.066],[4.266,0]],"v":[[40.4,-42.7],[40.6,-49.1],[37.8,-49.6],[22.5,-51],[9.65,-47.5],[4.5,-36.7],[8.2,-26.7],[20.7,-22.6],[32.1,-19.65],[34.7,-13.75],[31.65,-7.55],[22.8,-5.7],[5.6,-7.4],[5.2,-0.9],[8.2,-0.4],[22.8,1],[37.25,-2.6],[42.2,-13.9],[38.5,-24.4],[25.9,-28.75],[14.5,-31.75],[12,-36.7],[22.9,-44.3]],"c":true},"ix":2},"nm":"s","mn":"ADBE Vector Shape - Group","hd":false}],"nm":"s","np":3,"cix":2,"bm":0,"ix":1,"mn":"ADBE Vector Group","hd":false}]},"fFamily":"Titillium Web"},{"ch":"B","size":14,"style":"Regular","w":61.6,"data":{"shapes":[{"ty":"gr","it":[{"ind":0,"ty":"sh","ix":1,"ks":{"a":0,"k":{"i":[[0,0],[0,0],[-3.667,3],[0,6.934],[7.333,2.534],[-1.5,2.434],[0,4.334],[3.433,2.834],[6.866,0],[0,0]],"o":[[0,0],[6.933,0],[3.666,-3],[0,-8.333],[2.933,-1.4],[1.5,-2.433],[0,-6.066],[-3.434,-2.833],[0,0],[0,0]],"v":[[8.5,0],[34.9,0],[50.8,-4.5],[56.3,-19.4],[45.3,-35.7],[51.95,-41.45],[54.2,-51.6],[49.05,-64.95],[33.6,-69.2],[8.5,-69.2]],"c":true},"ix":2},"nm":"B","mn":"ADBE Vector Shape - Group","hd":false},{"ind":1,"ty":"sh","ix":2,"ks":{"a":0,"k":{"i":[[-2.934,-1.333],[-0.967,-1.733],[0,-2.533],[2.366,-1.9],[4.533,0],[0,0],[0,0],[0,0]],"o":[[1.6,0.734],[0.966,1.734],[0,4.8],[-2.367,1.9],[0,0],[0,0],[0,0],[3.133,0]],"v":[[43.2,-29.8],[47.05,-26.1],[48.5,-19.7],[44.95,-9.65],[34.6,-6.8],[16.2,-6.8],[16.2,-31.8],[34.1,-31.8]],"c":true},"ix":2},"nm":"B","mn":"ADBE Vector Shape - Group","hd":false},{"ind":2,"ty":"sh","ix":3,"ks":{"a":0,"k":{"i":[[-2.1,-1.833],[0,-4.1],[1.966,-2.033],[4.266,0],[0,0],[0,0],[0,0]],"o":[[2.1,1.834],[0,4.1],[-1.967,2.034],[0,0],[0,0],[0,0],[4.466,0]],"v":[[43.15,-59.65],[46.3,-50.75],[43.35,-41.55],[34,-38.5],[16.2,-38.5],[16.2,-62.4],[33.3,-62.4]],"c":true},"ix":2},"nm":"B","mn":"ADBE Vector Shape - Group","hd":false}],"nm":"B","np":6,"cix":2,"bm":0,"ix":1,"mn":"ADBE Vector Group","hd":false}]},"fFamily":"Titillium Web"},{"ch":"G","size":14,"style":"Regular","w":61.6,"data":{"shapes":[{"ty":"gr","it":[{"ind":0,"ty":"sh","ix":1,"ks":{"a":0,"k":{"i":[[0,0],[0,0],[4.666,0],[2.666,4.434],[0,10.3],[-2.667,4.434],[-7.667,0],[-8.267,-1.4],[0,0],[0,0],[6.2,0],[3.9,-5.833],[0,-12.1],[-3.9,-5.8],[-10.067,0],[-8.4,1.6],[0,0],[0,0],[0,0]],"o":[[0,0],[-4.867,0.934],[-7.6,0],[-2.667,-4.433],[0,-10.3],[2.666,-4.433],[6.066,0],[0,0],[0,0],[-6.667,-1.333],[-9.934,0],[-3.9,5.834],[0,12.1],[3.9,5.8],[6.6,0],[0,0],[0,0],[0,0],[0,0]],"v":[[47.4,-28.5],[47.4,-7.2],[33.1,-5.8],[17.7,-12.45],[13.7,-34.55],[17.7,-56.65],[33.2,-63.3],[54.7,-61.2],[55,-67.6],[51.6,-68.2],[32.3,-70.2],[11.55,-61.45],[5.7,-34.55],[11.55,-7.7],[32.5,1],[55,-1.4],[55,-35.4],[35.9,-35.4],[35.9,-28.5]],"c":true},"ix":2},"nm":"G","mn":"ADBE Vector Shape - Group","hd":false}],"nm":"G","np":3,"cix":2,"bm":0,"ix":1,"mn":"ADBE Vector Group","hd":false}]},"fFamily":"Titillium Web"},{"ch":"@","size":14,"style":"Regular","w":97.7,"data":{"shapes":[{"ty":"gr","it":[{"ind":0,"ty":"sh","ix":1,"ks":{"a":0,"k":{"i":[[6.866,6.834],[14.866,0],[7.666,-7.366],[0,-16.066],[-7.8,-6.8],[-5.367,-1.467],[-7.734,0],[-6.267,0.6],[0,0],[0,0],[5.866,6],[0,14.167],[-6.167,6.3],[-12.7,0],[-5.467,-5.533],[0,-12.333],[0,0],[0.866,-3.533],[1.233,-0.866],[1.8,0],[0.733,0.134],[0.633,0.734],[0.333,0.867],[0,11.667],[0,0],[0,0],[0,0],[0,0],[2.866,0],[3.033,-4.233],[0,-9.666],[-3.734,-3.333],[-1.834,-0.6],[-2.467,0],[-6.534,3.934],[-1.6,-1.2],[-1.5,-0.4],[-2.1,0],[-1.634,0.4],[-1.6,1.267],[0,14.134],[0,0]],"o":[[-6.867,-6.833],[-14.867,0],[-7.667,7.367],[0,17.667],[3.933,3.533],[5.366,1.466],[3.466,0],[0,0],[0,0],[-13.4,0],[-5.867,-6],[0,-14.166],[6.166,-6.3],[12.7,0],[5.466,5.534],[0,0],[0,6.867],[-0.867,3.534],[-1.234,0.867],[-1.8,0],[-0.734,-0.133],[-0.634,-0.733],[-0.734,-2.2],[0,0],[0,0],[0,0],[0,0],[-3.6,-1.266],[-7.467,0],[-3.034,4.234],[0,9.667],[1.866,1.667],[1.833,0.6],[5.066,0],[0.6,1.4],[0.8,0.6],[1.5,0.4],[2.1,0],[1.633,-0.4],[4.466,-3.666],[0,0],[0,-14.2]],"v":[[83,-62.05],[50.4,-72.3],[16.6,-61.25],[5.1,-26.1],[16.8,10.6],[30.75,18.1],[50.4,20.3],[65,19.4],[64.7,12.7],[50.4,13.7],[21.5,4.7],[12.7,-25.55],[21.95,-56.25],[50.25,-65.7],[77.5,-57.4],[85.7,-30.6],[85.7,-29.2],[84.4,-13.6],[81.25,-7],[76.7,-5.7],[72.9,-5.9],[70.85,-7.2],[69.4,-9.6],[68.3,-30.4],[68.3,-49.5],[60.8,-49.5],[60.8,-47.9],[59,-48.6],[49.3,-50.5],[33.55,-44.15],[29,-23.3],[34.6,-3.8],[40.15,-0.4],[46.6,0.5],[64,-5.4],[67.3,-1.5],[70.75,0],[76.15,0.6],[81.75,0],[86.6,-2.5],[93.3,-29.2],[93.3,-30.5]],"c":true},"ix":2},"nm":"@","mn":"ADBE Vector Shape - Group","hd":false},{"ind":1,"ty":"sh","ix":2,"ks":{"a":0,"k":{"i":[[0,12.2],[-1.934,3.067],[-5.4,0],[-4,-1.333],[0,0],[-0.6,-3.6],[2.866,0]],"o":[[0,-6.866],[1.933,-3.066],[2.866,0],[0,0],[0,7.934],[-6.867,3.067],[-7,0]],"v":[[36.6,-24.4],[39.5,-39.3],[50.5,-43.9],[60.8,-41.9],[60.8,-28],[61.7,-10.7],[47.1,-6.1]],"c":true},"ix":2},"nm":"@","mn":"ADBE Vector Shape - Group","hd":false}],"nm":"@","np":5,"cix":2,"bm":0,"ix":1,"mn":"ADBE Vector Group","hd":false}]},"fFamily":"Titillium Web"},{"ch":"g","size":14,"style":"Regular","w":51.4,"data":{"shapes":[{"ty":"gr","it":[{"ind":0,"ty":"sh","ix":1,"ks":{"a":0,"k":{"i":[[0,10.6],[2.8,2],[6.4,0],[1.266,0.5],[0,2.067],[-1.2,2.934],[-1.8,0],[-3.1,2.5],[0,6.267],[2.2,2.2],[0,0],[0,0],[0,0],[0,0],[3.2,0],[0,-11.4],[-5.267,-2.4],[0,0],[0,-1.133],[-1.867,-1.266],[1.2,-1.7],[0,-2.734],[-3.167,-2.167],[-8,0]],"o":[[0,-5.8],[-2.8,-2],[-6.4,0],[-1.267,-0.5],[0,-0.866],[1.466,0.267],[6.666,0],[3.1,-2.5],[0,-4.466],[0,0],[0,0],[0,0],[0,0],[-2.734,-0.666],[-12.467,0],[0,7.667],[0,0],[-1.667,3.067],[0,3.334],[-2.867,2.134],[-1.2,1.7],[0,5.733],[3.166,2.166],[14.8,0]],"v":[[48.7,7.6],[44.5,-4.1],[30.7,-7.1],[19.2,-7.85],[17.3,-11.7],[19.1,-17.4],[24,-17],[38.65,-20.75],[43.3,-33.9],[40,-43.9],[49.5,-43.7],[49.5,-50.1],[34.7,-49.7],[33.2,-50],[24.3,-51],[5.6,-33.9],[13.5,-18.8],[12.6,-17.2],[10.1,-10.9],[12.9,-4],[6.8,1.75],[5,8.4],[9.75,20.25],[26.5,23.5]],"c":true},"ix":2},"nm":"g","mn":"ADBE Vector Shape - Group","hd":false},{"ind":1,"ty":"sh","ix":2,"ks":{"a":0,"k":{"i":[[-0.767,1.2],[-2.2,1.6],[0,0],[-1.667,-1],[0,-3.434],[2.3,-1.467],[5.3,0],[1.966,1.366],[0,3.533]],"o":[[0.766,-1.2],[0,0],[4.866,0],[1.666,1],[0,3.433],[-2.3,1.466],[-5.3,0],[-1.967,-1.367],[0,-1.867]],"v":[[13.55,3.2],[18,-1],[28.8,-0.5],[38.6,1],[41.1,7.65],[37.65,15],[26.25,17.2],[15.35,15.15],[12.4,7.8]],"c":true},"ix":2},"nm":"g","mn":"ADBE Vector Shape - Group","hd":false},{"ind":2,"ty":"sh","ix":3,"ks":{"a":0,"k":{"i":[[-1.767,1.7],[-4.067,0],[-1.734,-1.666],[0,-3.966],[1.733,-1.666],[4.066,0],[1.766,1.667],[0,3.934]],"o":[[1.766,-1.7],[4.066,0],[1.733,1.667],[0,3.967],[-1.734,1.667],[-4.067,0],[-1.767,-1.666],[0,-3.933]],"v":[[15.75,-42.35],[24.5,-44.9],[33.2,-42.4],[35.8,-33.95],[33.2,-25.5],[24.5,-23],[15.75,-25.5],[13.1,-33.9]],"c":true},"ix":2},"nm":"g","mn":"ADBE Vector Shape - Group","hd":false}],"nm":"g","np":6,"cix":2,"bm":0,"ix":1,"mn":"ADBE Vector Group","hd":false}]},"fFamily":"Titillium Web"},{"ch":".","size":14,"style":"Regular","w":21.6,"data":{"shapes":[{"ty":"gr","it":[{"ind":0,"ty":"sh","ix":1,"ks":{"a":0,"k":{"i":[[0,0],[0,0],[0,0],[0,0]],"o":[[0,0],[0,0],[0,0],[0,0]],"v":[[14.9,0],[14.9,-11.4],[6.7,-11.4],[6.7,0]],"c":true},"ix":2},"nm":".","mn":"ADBE Vector Shape - Group","hd":false}],"nm":".","np":3,"cix":2,"bm":0,"ix":1,"mn":"ADBE Vector Group","hd":false}]},"fFamily":"Titillium Web"},{"ch":"c","size":14,"style":"Regular","w":43,"data":{"shapes":[{"ty":"gr","it":[{"ind":0,"ty":"sh","ix":1,"ks":{"a":0,"k":{"i":[[3.2,-3.833],[0,-9.5],[-2.967,-4],[-7.8,0],[-6.2,0.933],[0,0],[0,0],[1.9,2.867],[0,7.3],[-2.034,2.7],[-5.667,0],[-5.334,-0.6],[0,0],[0,0],[2.2,0]],"o":[[-3.2,3.834],[0,9.5],[2.966,4],[3.066,0],[0,0],[0,0],[-6,0],[-1.9,-2.866],[0,-7.3],[2.033,-2.7],[2.533,0],[0,0],[0,0],[-5.267,-0.8],[-7.467,0]],"v":[[9.9,-45.25],[5.1,-25.25],[9.55,-5],[25.7,1],[39.6,-0.4],[39.3,-6.6],[27.5,-5.7],[15.65,-10],[12.8,-25.25],[15.85,-40.25],[27.4,-44.3],[39.2,-43.4],[39.5,-49.5],[37.1,-49.8],[25.9,-51]],"c":true},"ix":2},"nm":"c","mn":"ADBE Vector Shape - Group","hd":false}],"nm":"c","np":3,"cix":2,"bm":0,"ix":1,"mn":"ADBE Vector Group","hd":false}]},"fFamily":"Titillium Web"},{"ch":"C","size":24,"style":"Regular","w":53.6,"data":{"shapes":[{"ty":"gr","it":[{"ind":0,"ty":"sh","ix":1,"ks":{"a":0,"k":{"i":[[0,0],[4.7,0],[2.433,1.1],[1.266,2.567],[0.433,3.2],[0,5.267],[-2.367,4.367],[-7.334,0],[-6.734,-1.2],[0,0],[5.333,0],[3.333,-1.466],[1.833,-3.2],[0.7,-4.166],[0,-6.133],[-0.7,-4.1],[-1.834,-3.166],[-3.367,-1.5],[-5.467,0],[-6.867,1.4]],"o":[[-6.4,1.2],[-4.7,0],[-2.434,-1.1],[-1.267,-2.566],[-0.434,-3.2],[0,-10.533],[2.366,-4.366],[5.266,0],[0,0],[-7.2,-1.466],[-5.334,0],[-3.334,1.467],[-1.834,3.2],[-0.7,4.167],[0,6.134],[0.7,4.1],[1.833,3.167],[3.366,1.5],[5.466,0],[0,0]],"v":[[50,-7.7],[33.35,-5.9],[22.65,-7.55],[17.1,-13.05],[14.55,-21.7],[13.9,-34.4],[17.45,-56.75],[32,-63.3],[50,-61.5],[50.3,-68],[31.5,-70.2],[18.5,-68],[10.75,-61],[6.95,-49.95],[5.9,-34.5],[6.95,-19.15],[10.75,-8.25],[18.55,-1.25],[31.8,1],[50.3,-1.1]],"c":true},"ix":2},"nm":"C","mn":"ADBE Vector Shape - Group","hd":false}],"nm":"C","np":3,"cix":2,"bm":0,"ix":1,"mn":"ADBE Vector Group","hd":false}]},"fFamily":"Titillium Web"},{"ch":"h","size":24,"style":"Regular","w":53.7,"data":{"shapes":[{"ty":"gr","it":[{"ind":0,"ty":"sh","ix":1,"ks":{"a":0,"k":{"i":[[0,0],[0,0],[-4.2,0],[-1.367,-2.566],[0,-6.933],[0,0],[0,0],[0,0],[2.3,3.6],[6.666,0],[5.333,-2.533],[0,0],[0,0],[0,0],[0,0]],"o":[[0,0],[3.933,-1.533],[4.4,0],[1.366,2.567],[0,0],[0,0],[0,0],[0,-9.2],[-2.3,-3.6],[-4.934,0],[0,0],[0,0],[0,0],[0,0],[0,0]],"v":[[14.7,-41.3],[16.6,-42],[28.8,-44.3],[37.45,-40.45],[39.5,-26.2],[39.5,0],[47,0],[47,-26.4],[43.55,-45.6],[30.1,-51],[14.7,-47.2],[14.7,-71.8],[7.2,-71.8],[7.2,0],[14.7,0]],"c":true},"ix":2},"nm":"h","mn":"ADBE Vector Shape - Group","hd":false}],"nm":"h","np":3,"cix":2,"bm":0,"ix":1,"mn":"ADBE Vector Group","hd":false}]},"fFamily":"Titillium Web"},{"ch":"k","size":24,"style":"Regular","w":47.9,"data":{"shapes":[{"ty":"gr","it":[{"ind":0,"ty":"sh","ix":1,"ks":{"a":0,"k":{"i":[[0,0],[0,0],[0,0],[0,0],[0,0],[0,0],[0,0],[0,0],[0,0],[0,0],[0,0],[0,0],[0,0]],"o":[[0,0],[0,0],[0,0],[0,0],[0,0],[0,0],[0,0],[0,0],[0,0],[0,0],[0,0],[0,0],[0,0]],"v":[[14.7,-22.9],[22.6,-23.2],[37.5,0],[46,0],[29,-27],[45.3,-50],[36.8,-50],[22.5,-29.8],[14.7,-29.4],[14.7,-71.8],[7.2,-71.8],[7.2,0],[14.7,0]],"c":true},"ix":2},"nm":"k","mn":"ADBE Vector Shape - Group","hd":false}],"nm":"k","np":3,"cix":2,"bm":0,"ix":1,"mn":"ADBE Vector Group","hd":false}]},"fFamily":"Titillium Web"},{"ch":"f","size":24,"style":"Regular","w":33.1,"data":{"shapes":[{"ty":"gr","it":[{"ind":0,"ty":"sh","ix":1,"ks":{"a":0,"k":{"i":[[0,0],[0,0],[0,0],[0,0],[-1.034,1.6],[-2.434,0],[-3.734,-0.133],[0,0],[0,0],[2,-2.566],[0,-7.066],[0,0],[0,0],[0,0],[0,0],[0,0],[0,0],[0,0]],"o":[[0,0],[0,0],[0,0],[0,-4.6],[1.033,-1.6],[2.433,0],[0,0],[0,0],[-5,0],[-2,2.567],[0,0],[0,0],[0,0],[0,0],[0,0],[0,0],[0,0],[0,0]],"v":[[31.3,-43.5],[31.3,-50],[16.8,-50],[16.8,-54.4],[18.35,-63.7],[23.55,-66.1],[32.8,-65.9],[32.9,-72.1],[22.8,-72.8],[12.3,-68.95],[9.3,-54.5],[9.3,-50],[3,-50],[3,-43.5],[9.3,-43.5],[9.3,0],[16.8,0],[16.8,-43.5]],"c":true},"ix":2},"nm":"f","mn":"ADBE Vector Shape - Group","hd":false}],"nm":"f","np":3,"cix":2,"bm":0,"ix":1,"mn":"ADBE Vector Group","hd":false}]},"fFamily":"Titillium Web"},{"ch":"’","size":24,"style":"Regular","w":21.6,"data":{"shapes":[{"ty":"gr","it":[{"ind":0,"ty":"sh","ix":1,"ks":{"a":0,"k":{"i":[[0,0],[0,0],[0,0],[0,0]],"o":[[0,0],[0,0],[0,0],[0,0]],"v":[[11.2,-48.9],[17.6,-70.8],[9.7,-70.8],[5.3,-48.9]],"c":true},"ix":2},"nm":"’","mn":"ADBE Vector Shape - Group","hd":false}],"nm":"’","np":3,"cix":2,"bm":0,"ix":1,"mn":"ADBE Vector Group","hd":false}]},"fFamily":"Titillium Web"},{"ch":"S","size":24,"style":"Regular","w":54.2,"data":{"shapes":[{"ty":"gr","it":[{"ind":0,"ty":"sh","ix":1,"ks":{"a":0,"k":{"i":[[-9.267,-1.133],[0,0],[0,0],[4.866,0],[0,-12.4],[-3.267,-2.633],[-7.8,-1.666],[-2.167,-1.633],[0,-3.733],[9.866,0],[9.066,1.2],[0,0],[0,0],[-4.867,0],[0,14.2],[2.933,2.5],[7.033,1.567],[2.3,1.567],[0,4.2],[-10,0]],"o":[[0,0],[0,0],[-6.8,-1],[-14.867,0],[0,6.2],[3.266,2.634],[5.933,1.134],[2.166,1.634],[0,9.267],[-4.734,0],[0,0],[0,0],[7.333,1.133],[14.733,0],[0,-5.733],[-2.934,-2.5],[-7.034,-1.566],[-2.3,-1.566],[0,-7.533],[3.866,0]],"v":[[47.3,-61.8],[48,-68.3],[44.6,-68.8],[27.1,-70.3],[4.8,-51.7],[9.7,-38.45],[26.3,-32],[38.45,-27.85],[41.7,-19.8],[26.9,-5.9],[6.2,-7.7],[5.4,-1.3],[9,-0.8],[27.3,0.9],[49.4,-20.4],[45,-32.75],[30.05,-38.85],[16.05,-43.55],[12.6,-52.2],[27.6,-63.5]],"c":true},"ix":2},"nm":"S","mn":"ADBE Vector Shape - Group","hd":false}],"nm":"S","np":3,"cix":2,"bm":0,"ix":1,"mn":"ADBE Vector Group","hd":false}]},"fFamily":"Titillium Web"},{"ch":"b","size":15,"style":"Regular","w":52.6,"data":{"shapes":[{"ty":"gr","it":[{"ind":0,"ty":"sh","ix":1,"ks":{"a":0,"k":{"i":[[5.066,-2.333],[0,0],[0,0],[0,0],[0,0],[-2.8,0],[-3.367,3.9],[0,9.6],[2.7,3.834],[6.733,0]],"o":[[0,0],[0,0],[0,0],[0,0],[6.466,0.533],[9,0],[3.366,-3.9],[0,-9.6],[-2.7,-3.833],[-4.734,0]],"v":[[14.6,-47.5],[14.6,-71.8],[7.2,-71.8],[7.2,-0.1],[10,0.2],[23.9,1],[42.45,-4.85],[47.5,-25.1],[43.45,-45.25],[29.3,-51]],"c":true},"ix":2},"nm":"b","mn":"ADBE Vector Shape - Group","hd":false},{"ind":1,"ty":"sh","ix":2,"ks":{"a":0,"k":{"i":[[4.333,0.334],[0,0],[0,0],[-3.867,0],[-1.667,-2.833],[0,-7.066],[2.1,-2.966],[6.533,0]],"o":[[0,0],[0,0],[4.066,-1.466],[4.266,0],[1.666,2.834],[0,7.067],[-2.1,2.967],[-1.8,0]],"v":[[14.6,-6.2],[14.6,-41.4],[16.6,-42.1],[28.5,-44.3],[37.4,-40.05],[39.9,-25.2],[36.75,-10.15],[23.8,-5.7]],"c":true},"ix":2},"nm":"b","mn":"ADBE Vector Shape - Group","hd":false}],"nm":"b","np":5,"cix":2,"bm":0,"ix":1,"mn":"ADBE Vector Group","hd":false}]},"fFamily":"Titillium Web"}]}